attempts,is_vpn,frequency,country_rank,is_malicious
52,0,42.802324419586455,9,1
93,1,43.750649936694906,6,1
15,0,29.104975717122716,4,0
72,0,26.27474887668531,8,1
61,1,40.84075729962092,3,1
21,0,37.491825471739325,10,1
83,0,20.076226648056643,2,1
87,0,4.2286603690677635,7,1
75,0,38.44815535740261,4,1
75,0,8.518181344118162,4,0
88,0,0.9172076332760689,10,1
24,0,42.18080349267914,9,1
3,0,28.954866882302262,2,0
22,0,44.59413517323434,1,0
53,0,24.28094535156114,7,1
2,0,46.33140692549901,8,0
88,0,17.763190224145305,3,1
30,0,36.25364791648121,2,0
38,0,15.119226812162996,4,0
2,1,0.1580668499661237,2,0
64,0,19.04925227399294,2,0
60,0,36.91449910415101,5,1
21,0,7.586206554381044,10,0
33,1,25.289621457048913,5,1
76,0,10.694842094050678,8,1
58,0,3.823743658813235,9,0
22,0,30.910853899021383,2,0
89,0,47.60318435293981,1,1
49,0,15.604140514024062,3,0
91,0,29.074225437961527,6,1
59,0,47.684808050764644,5,1
42,1,32.55911916473491,8,1
92,0,33.68835378526672,8,1
60,0,9.028532726885711,2,0
80,0,24.681222974756054,9,1
15,1,18.41742907965361,4,0
62,0,23.600746934312397,1,0
62,1,40.06124616444967,2,1
47,1,23.088879488530306,6,1
62,0,3.2362488450659703,5,0
51,0,45.28652889142806,7,1
55,0,27.286312783853337,9,1
64,0,46.23226849066157,6,1
3,0,28.66049015017846,6,0
51,0,3.5748521671555236,2,0
7,1,27.688182736935985,7,1
21,0,28.829372731384762,2,0
73,1,10.795559979214483,7,1
39,0,23.6043512968084,8,0
18,0,23.026131442495203,1,0
4,1,31.18151983612812,9,1
89,0,13.054743523828627,8,1
60,0,29.12924605561487,9,1
14,0,12.123506927583446,5,0
9,0,22.37761908297494,4,0
90,0,6.22301439693162,1,0
53,0,1.9612973382877614,9,0
2,0,16.097306568987523,4,0
84,1,13.8011303574221,4,1
92,0,20.4061020103642,4,1
60,1,48.10293273801695,2,1
71,0,26.15924180903939,4,1
44,0,27.703517636224152,2,0
8,0,47.085891835489974,8,0
47,0,46.06524216583247,7,1
35,1,44.21718649963085,10,1
78,0,4.98993762728268,2,0
81,0,31.751440784964487,2,1
36,0,40.42413912662624,2,0
50,0,41.79517700989704,1,0
4,1,28.937566410844617,6,1
2,1,0.9730278195598383,6,0
6,0,48.68827379192258,1,0
54,0,23.66261546763026,1,0
4,0,19.740435174152548,6,0
54,0,19.807940812495428,6,0
93,1,21.2651289149075,4,1
63,0,12.184817836820374,3,0
18,0,16.43394792491651,9,0
90,0,49.26934472775949,6,1
44,1,18.4715832127791,1,1
34,0,26.383578322042073,3,0
74,0,42.4298838721634,1,1
62,0,26.41864777433229,3,0
14,0,16.290225738746564,2,0
95,0,26.235173748234654,5,1
48,0,5.792906890910962,3,0
15,0,6.587347066115214,7,0
72,0,34.73596585831038,8,1
78,0,45.88128679726131,7,1
87,0,36.31133886107706,2,1
62,0,3.823200708802124,10,1
40,0,20.204490990447184,10,1
85,0,0.2274240545763803,7,1
80,0,25.60921649194908,10,1
82,1,9.740903795604384,3,1
53,0,43.420517771559965,7,1
24,0,5.306319138167211,1,0
26,0,0.17152659248681718,2,0
89,0,22.612187551376643,10,1
60,0,7.8561218658943845,1,0
41,1,36.92552047553057,9,1
29,0,46.00474311589161,2,0
15,0,2.1927069136981014,2,0
45,0,19.839547384613226,6,0
65,0,49.84106730594039,7,1
89,0,36.66033130303336,2,1
71,0,47.664063420919774,4,1
9,0,8.287755932286162,3,0
88,0,11.146291118648481,5,1
1,1,7.825080905781614,9,0
8,1,15.18821478541932,2,0
88,0,36.246765009619686,5,1
63,0,8.330838371833591,8,1
11,1,26.259278490376097,6,1
81,0,13.533574963808462,4,1
8,0,41.47686937893207,10,0
35,1,0.42896102641305667,8,1
35,1,11.233436431079474,3,1
33,0,30.301513802851883,4,0
5,0,4.9258540484947435,9,0
41,0,23.36897957570488,5,0
28,0,21.866744094470246,6,0
7,0,42.64089804040601,2,0
73,0,31.307319939023984,9,1
72,0,32.02113290173922,8,1
12,0,47.59519932927938,7,0
34,0,49.119782728636416,9,1
33,0,32.70439713442665,5,0
48,0,26.147872362587506,5,0
23,0,30.435210917397505,9,0
62,1,19.183940882202602,5,1
88,0,49.37408518630786,9,1
37,0,35.28056084889325,1,0
99,1,14.621239039520315,10,1
44,0,2.982538318706214,10,0
86,0,2.331624264683194,8,1
91,1,10.325157728274304,3,1
35,0,11.722361407230268,8,0
65,0,20.81077014829962,5,1
99,0,10.820815980649066,2,1
47,0,31.582430500001056,9,1
78,1,10.64161106744803,4,1
3,1,9.475039293163183,7,0
1,0,23.61472594073846,8,0
5,0,44.444563106258556,7,0
90,0,23.468443820193848,6,1
14,0,20.751052354151135,7,0
27,0,28.94693588223947,4,0
9,0,12.934962569706261,10,0
79,0,17.736484069072677,1,0
15,0,10.770379257789815,5,0
90,0,28.633318730923417,8,1
42,0,34.89963932230385,10,1
77,0,33.717562185429536,6,1
51,0,12.81540911644161,5,0
63,0,39.004445466823555,2,1
96,0,12.872087895971518,10,1
52,0,7.600546408261372,5,0
96,0,17.555456559491,10,1
4,1,29.92743004962706,3,0
94,0,7.185890758339459,2,1
23,0,32.439546894211965,3,0
15,0,43.1670930130492,4,0
43,0,14.72771146187772,2,0
29,0,22.565310144144462,4,0
36,1,11.492690238696387,4,1
13,0,18.126960280612707,6,0
32,1,1.1963314830451202,5,0
71,1,47.69309287102007,7,1
59,0,20.852921639288535,7,1
86,0,39.46461847992221,3,1
28,0,7.2179075240898305,9,0
66,0,40.6365167006099,7,1
42,0,43.02135081701383,7,1
45,0,35.802308721515196,2,0
62,0,45.17009541667193,10,1
57,0,8.443136760460003,3,0
6,0,23.87644325655214,3,0
28,0,31.043465647606247,6,0
28,0,29.85002923780462,4,0
44,0,43.06594263286228,4,1
84,0,10.862999261846994,1,0
30,0,8.864627243689432,6,0
62,1,12.743591883411776,8,1
75,0,44.58834746570225,8,1
92,0,47.05725142461298,8,1
89,0,28.524542203072865,5,1
62,0,25.118459535068936,10,1
97,0,30.308741839831555,6,1
1,0,30.853751727350033,5,0
27,0,8.59820477668044,4,0
62,0,34.3519029929942,4,1
77,0,22.672320007186435,4,1
3,0,25.917359746517455,4,0
70,0,1.6127985563242586,6,0
72,0,38.251375963298415,6,1
27,1,41.787855267267304,5,1
9,0,31.009135541333873,9,0
62,0,37.46130940130347,8,1
37,0,26.183029558287885,10,1
97,0,30.955833611029924,6,1
51,1,19.789127753315608,9,1
44,0,39.61452582661938,5,1
24,0,23.46671942019818,10,0
79,0,34.042623930502245,4,1
59,0,31.109325993113284,6,1
32,1,35.14549446744891,4,1
96,0,39.28227216874864,8,1
88,1,25.684402731490458,7,1
52,0,40.671990867857865,5,1
62,0,24.91313613985329,10,1
58,0,47.836052710910444,6,1
52,1,37.65832025587823,7,1
12,0,8.6399683223286,2,0
39,0,41.49626512103522,9,1
2,1,27.624224274251045,7,1
3,0,49.22460180289588,8,0
56,0,35.969070279309015,5,1
81,0,4.311098253852534,3,0
59,0,19.808525337756404,2,0
2,0,25.912042593396002,2,0
2,0,41.96677879767412,3,0
92,0,36.494342163055656,1,1
54,0,18.531067523520782,1,0
87,0,32.70629110638119,7,1
96,1,28.887854304129128,10,1
97,0,6.3900251867251034,8,1
1,0,11.819448780630164,6,0
19,0,17.12200340444429,7,0
2,0,9.854621977538795,1,0
53,0,7.591678906918274,1,0
44,0,3.0040687295013235,9,0
90,0,43.66781802388561,5,1
32,0,14.518276556446198,7,0
70,0,14.58699813628495,6,1
32,0,10.390784057764757,4,0
68,0,23.82232885600776,1,0
55,0,25.760674199326385,4,0
75,0,10.493239795391492,10,1
56,1,30.467659859396164,10,1
17,0,36.17769798372808,8,0
38,0,18.75462028967605,1,0
24,0,29.31403967318619,2,0
69,0,25.164865067705872,8,1
98,0,9.857865077969498,2,1
70,0,36.527548339851435,10,1
86,0,40.09250608841997,9,1
11,0,32.474776467799664,3,0
16,0,16.262411785775463,3,0
97,0,46.34694547102413,6,1
73,0,22.822383560956702,3,1
59,0,13.36733642071638,9,1
70,0,20.47090757901563,8,1
80,0,34.63454708621967,4,1
93,0,42.311996104396535,6,1
3,1,17.893117414215343,8,1
20,1,11.707959855867797,4,0
59,0,31.362007278576723,5,1
36,0,46.068633495303644,7,1
19,0,9.246338841615138,8,0
90,0,40.17066717673839,7,1
67,0,23.88269835622546,8,1
19,0,39.995673947708376,4,0
20,1,25.326503373687217,1,0
96,0,18.928655937680745,6,1
71,0,34.867375910461575,5,1
52,0,45.04130200028538,4,1
33,0,16.080561345472034,2,0
40,0,23.091331936219156,1,0
39,0,11.547091272156472,9,0
82,0,9.252132234505803,2,0
1,0,38.91671810536954,9,0
11,1,10.113139422753276,6,0
92,0,39.68657674958905,6,1
57,0,21.5179308868292,2,0
89,0,49.75293129804502,6,1
50,0,9.947336767745334,3,0
23,0,4.739601826390017,7,0
31,1,3.8641101732144305,10,1
94,0,41.787358435737616,4,1
42,1,21.945037921811334,9,1
99,0,0.2559050474038442,5,1
7,0,43.75109098891647,10,0
16,1,43.858358244824196,3,1
90,0,40.34019203353767,1,1
60,0,12.49109230293964,1,0
2,0,18.70036073135194,4,0
1,0,37.27181863725463,10,0
48,0,24.518720957838504,10,1
12,1,7.775946178505269,4,0
69,0,12.215633399930852,9,1
37,0,48.63221788390271,8,1
32,1,7.6355545596126,4,0
9,0,36.331429758241605,6,0
99,0,23.953113502310995,7,1
19,0,37.455222811652774,10,1
48,0,33.08955073310521,8,1
80,0,22.014442808660867,4,1
3,1,17.76015015168505,1,0
20,0,37.74252679237066,5,0
24,0,16.22474619236534,1,0
54,0,39.40979685641957,4,1
33,0,34.02416900998935,7,0
24,0,28.92569159463513,7,0
75,0,18.50316415662464,1,0
72,0,10.333559752542108,9,1
36,1,35.54994808190913,2,1
38,0,4.658326435811987,5,0
84,0,48.53005858217241,6,1
99,1,48.93952093931283,1,1
89,0,6.598108536311119,2,0
99,0,5.286372616317881,7,1
25,0,20.694564681443204,6,0
93,0,48.187795285799055,6,1
18,0,20.075513871632538,6,0
82,0,18.25372521077351,7,1
66,0,35.208894444038684,10,1
54,0,9.018688706101829,9,0
35,0,18.229841830330198,9,0
80,0,14.63624156909694,2,0
61,0,30.116577669268246,2,0
41,1,8.221369022086774,5,1
33,1,27.480192654751193,10,1
68,0,42.89157483784856,7,1
33,0,25.757110280709334,3,0
14,0,34.20648119319445,3,0
21,0,3.8548760821288504,4,0
48,0,22.505378404427447,3,0
20,0,4.835169055049013,3,0
8,0,30.01313762175418,8,0
7,0,14.124613121573542,7,0
67,1,14.434564966488223,7,1
17,0,3.9306601835345383,10,0
33,0,15.580869285892646,2,0
48,0,25.383191137644157,9,1
76,0,29.274539148270897,6,1
59,0,3.4266110086635826,3,0
86,0,32.607813367231905,9,1
22,0,24.494900461599382,9,0
30,0,26.891709594920314,6,0
38,1,41.65655402101296,10,1
51,1,17.17709962071284,6,1
54,1,8.78515045711523,8,1
8,0,27.63532776777701,8,0
27,0,47.25659368500842,6,1
27,0,25.941693997138447,7,0
98,0,41.61241748856337,4,1
21,0,37.875899517605546,1,0
30,1,25.964706271790593,4,1
97,0,32.41298340490578,8,1
28,0,20.39334118642326,8,0
64,0,26.578371585949967,2,0
97,1,25.413559189002672,7,1
69,0,35.48460711159287,1,1
61,1,20.558067835878507,2,1
48,1,5.078379418844788,8,1
19,1,39.45660518839978,10,1
4,0,34.274164866077555,4,0
35,0,47.51116042732254,3,0
64,0,21.492937174808354,2,0
49,0,4.002462279863626,6,0
17,0,6.168787419525824,4,0
44,0,38.68864520583359,3,0
92,1,3.4810884106522364,3,1
30,0,45.400524631971344,10,1
93,1,14.154340553629748,3,1
46,0,44.95406412490831,8,1
6,0,38.69799175516721,9,0
99,1,43.57293171095533,9,1
37,0,10.78058061932129,5,0
24,0,29.825105441097055,1,0
93,0,4.770097690413887,10,1
46,0,10.19381030021486,5,0
53,0,15.564121144129695,1,0
95,0,37.06654831635015,9,1
99,0,1.3332475314853172,10,1
60,0,45.16555241531961,8,1
97,0,3.633095334274793,7,1
63,0,18.886860747696893,2,0
85,0,4.1463724535963475,2,0
32,1,38.47149537085835,4,1
87,0,7.151617172797563,9,1
33,0,44.24936982209663,9,1
67,0,26.55807713091715,8,1
18,1,47.428793690824264,5,1
25,0,14.589009549128946,7,0
95,0,22.770375978731714,9,1
54,0,34.74292342024594,3,0
58,0,41.61247429729093,4,1
67,0,21.125718678505777,2,0
46,0,44.63238366252549,9,1
24,0,5.987561695387322,7,0
32,1,35.463367468623765,6,1
47,0,17.475129212461656,5,0
86,0,5.156640658216588,7,1
23,0,19.394561384419994,3,0
66,1,44.02275966182984,5,1
27,1,49.02864017730314,2,1
2,0,19.70071286931408,5,0
90,0,44.33217775153812,7,1
17,0,25.531755370469725,10,0
33,0,35.87905037943068,7,1
9,0,2.3640339714637766,9,0
43,0,27.909867402002767,3,0
48,0,3.601080616928422,8,0
39,0,13.504036058980585,5,0
93,0,28.384034860847066,7,1
42,0,40.37747194444186,1,0
26,0,28.08859282581514,1,0
99,0,46.815957901648986,4,1
50,0,40.535592128034196,5,1
25,0,7.89638329064462,10,0
24,0,19.509028432834075,3,0
13,0,33.457422822608265,6,0
60,0,46.92646097730358,3,1
7,0,49.387021850359076,5,0
57,0,38.18300325434408,1,0
36,0,28.73108834841026,3,0
45,1,37.854823517925794,7,1
20,0,13.73449733125099,3,0
65,1,14.251791060255671,5,1
8,0,32.75203237349993,7,0
16,1,43.60459526235553,2,1
14,0,48.49349350990005,3,0
76,0,17.13259658147779,4,1
87,0,39.848025792755884,5,1
15,0,42.59138718384594,9,1
92,1,31.1963448272665,9,1
98,0,17.44483492326517,4,1
66,0,30.992519407162675,9,1
32,0,29.264000325144487,4,0
87,0,30.365622739244895,2,1
63,1,31.0010846680073,10,1
86,0,42.36820372449758,1,1
51,0,8.587067512039784,7,0
25,0,18.42796798599689,4,0
58,1,29.341486194800503,8,1
63,0,14.238054156720157,8,1
62,0,48.90984079199356,8,1
22,0,13.231197954156226,6,0
58,0,23.534481144054023,9,1
58,0,43.88051578108211,4,1
86,1,4.095176766745289,5,1
49,0,41.05233130450317,4,1
52,1,28.593317611836035,5,1
42,0,1.686921836901554,2,0
70,0,45.15535330914178,5,1
15,1,2.0559220892415775,10,1
54,0,25.809368033937513,8,1
60,0,2.5466591936474883,9,0
97,0,3.652884913877458,7,1
8,0,44.37149528146881,7,0
53,0,38.314694793425936,6,1
60,0,9.927364544920083,2,0
5,1,31.061351863391266,10,1
68,1,39.754510464717654,10,1
6,0,44.49057300420655,9,0
96,1,23.468515649273403,5,1
94,1,44.88524388232009,6,1
47,0,25.44171862860632,1,0
99,0,34.442579304666786,5,1
55,0,48.95356503531444,6,1
40,0,11.873994280806885,10,0
52,0,8.509211676515658,2,0
16,1,17.166739366395724,7,1
13,0,8.303511233743437,4,0
30,0,14.27972400467322,5,0
19,0,37.17496763619314,3,0
17,0,23.928449392472235,5,0
63,0,18.814560595295603,4,0
19,0,18.499327863262074,10,0
92,0,9.807045747512653,6,1
58,0,22.425831568921062,2,0
55,0,31.269314378539995,3,0
90,0,7.043826242459365,10,1
90,0,48.64336178736371,1,1
62,0,22.219730703694008,7,1
23,0,47.4032497458946,9,1
9,0,6.819480438546842,2,0
12,0,38.38407606331674,7,0
1,1,30.920138722122893,3,0
58,0,41.021199565214204,5,1
1,0,30.073828355464737,6,0
34,1,48.14554799881603,8,1
96,0,31.383898363399894,4,1
48,0,39.251745854688956,2,0
89,1,43.89133044941503,3,1
1,0,35.75771521340196,8,0
16,0,26.2594091625017,7,0
61,1,13.713572230294673,6,1
64,0,42.7391814084439,5,1
63,0,24.08085480916505,5,1
69,0,31.07334049411945,1,1
22,0,4.0534042402578985,6,0
93,0,24.917831024029805,9,1
67,0,34.93806643659027,8,1
76,1,29.245188305695123,10,1
26,1,22.48288731668068,1,0
16,1,11.249023105808492,6,0
51,0,15.552542984498961,3,0
86,0,35.06115547229882,6,1
57,1,11.287115872086005,9,1
29,1,31.124158103913206,6,1
78,0,29.527906866554538,8,1
92,0,48.5238322214045,6,1
69,0,3.1330139399850276,6,0
47,0,5.495318104073468,7,0
94,0,25.353564935723277,10,1
62,1,26.402780285146367,4,1
69,0,2.092390174378045,8,0
76,0,41.31018550088666,4,1
16,0,24.786702555334497,7,0
90,0,17.397522957362387,1,1
90,0,16.010803153682303,9,1
48,0,43.084218359553645,10,1
85,0,9.916970034766198,9,1
39,0,8.1048435010872,7,0
33,0,10.73760860824183,8,0
94,0,31.288625127832987,2,1
23,0,40.565449695857616,10,1
10,1,16.61583682003016,10,1
69,0,8.755753705929163,7,1
34,1,10.538788964668164,1,0
52,0,30.997270548040767,3,0
95,1,12.377157788090072,6,1
10,1,43.8762835444332,5,1
19,0,5.284178585274266,5,0
58,0,1.715189846875458,9,0
96,0,4.510074473449106,6,1
1,1,42.29759170727739,3,1
69,0,32.59635303131648,2,1
4,0,47.89145719255079,9,0
16,0,16.881197409360905,10,0
24,1,10.712638587684001,4,0
80,0,28.142564441756083,5,1
2,0,26.937631128424755,9,0
92,0,29.592097010946556,5,1
32,0,17.441939746751405,7,0
91,0,0.39425730783565915,2,0
84,0,1.8480794817367798,2,0
24,0,33.224940424983394,4,0
12,1,26.210576602958522,8,1
50,0,41.068461856598546,2,0
35,0,15.090451953461166,10,0
33,0,40.79206463783564,7,1
33,0,21.332021531232012,1,0
61,0,4.925249438762228,9,0
51,0,48.89778697327564,10,1
43,0,25.645602864361443,6,0
12,0,31.510977846721083,1,0
67,0,33.57277960582944,10,1
65,1,18.184371386121345,6,1
33,0,37.40166316112065,5,0
40,1,43.52629662101575,5,1
74,0,19.420630123051556,5,1
43,0,32.88434424291425,4,0
44,0,37.880478816462755,7,1
29,1,9.587282294685155,9,1
13,0,16.696544611358775,4,0
12,0,5.528912734409647,2,0
95,0,30.15020236598535,2,1
46,0,40.06679102146072,2,0
2,0,30.58084896358819,7,0
35,0,9.071213165754495,4,0
87,0,27.363787702204256,4,1
81,1,41.763214011467845,1,1
90,0,15.205967324303133,4,1
8,0,41.649309962406754,6,0
93,0,39.2527018601224,2,1
26,1,1.1848663110500761,4,0
74,1,12.048795222866547,7,1
90,1,27.192826049306518,9,1
34,0,35.90910676396104,2,0
7,1,44.03847323007618,8,1
68,0,32.08801168156792,6,1
58,0,19.079174145352003,8,1
75,0,9.312897616192036,2,0
29,0,38.02578918757533,1,0
36,1,10.418399810273593,7,1
89,0,34.80198302126566,9,1
21,0,9.142459706823248,9,0
36,0,4.643587130442276,2,0
10,0,12.629901162956072,4,0
73,0,14.3179972957032,1,0
24,0,32.395735811296014,7,0
64,1,8.12808005032874,2,1
99,0,46.52231495804572,4,1
49,0,27.762648148479446,2,0
99,0,24.597493367741627,1,1
36,0,21.79125626398755,7,0
82,1,28.373407212814534,6,1
96,0,1.2201036613729366,2,0
24,0,49.50531009149621,4,0
23,0,27.920466372093873,3,0
62,0,1.8562306067948717,3,0
96,0,29.53988247451003,3,1
37,0,21.910230038654973,4,0
12,0,1.2994810636538026,1,0
55,0,46.2289947326579,1,1
13,0,0.627286916483286,7,0
23,0,28.93579667620329,5,0
89,0,48.09335830654857,3,1
99,0,11.956464399452996,9,1
30,1,12.783535804755472,5,1
17,0,0.12111411515160296,10,0
62,0,3.410923482200247,3,0
84,0,2.339931737696697,9,1
89,1,41.15054855605243,1,1
86,0,41.853204740251456,9,1
13,1,36.36233420080768,5,1
59,0,17.701976124602897,6,0
19,1,41.080597049453225,2,1
49,1,27.034748560119812,8,1
12,0,15.28508279634817,3,0
61,0,21.92011077880808,1,0
19,0,3.3818117147453255,7,0
76,0,47.250943468820694,3,1
9,0,30.99390922585682,4,0
71,0,36.58858383203558,5,1
28,0,33.86151018395184,1,0
78,0,33.420724227596935,9,1
95,0,0.9613231763122804,7,1
52,0,26.31602686126385,2,0
83,0,41.103340408414155,1,1
16,1,2.3214906854388375,2,0
69,0,47.812667626024705,3,1
99,0,21.26556818199886,3,1
12,0,14.565785053363422,8,0
25,0,26.637885945932947,5,0
52,0,40.08058797336751,9,1
85,0,23.790277582255015,3,1
53,1,32.29077326166095,6,1
23,0,25.045727954556313,4,0
16,0,31.600485606393843,8,0
57,1,6.987742668312165,1,1
39,0,2.0293029702871874,4,0
53,1,6.931380144299896,7,1
42,1,14.363323418730044,9,1
58,0,12.742467516160529,1,0
39,0,30.79724994806628,8,1
14,0,22.848882264298624,2,0
95,0,2.0367178532396664,4,1
5,0,1.8398087252195763,4,0
35,1,4.620341305821221,8,1
87,0,17.718749754303214,2,1
93,0,0.4085292530900996,7,1
75,0,24.749964544964005,3,1
18,0,18.097416249034204,9,0
76,0,27.816520991797237,5,1
9,0,36.06917888133176,8,0
74,0,12.623543492444734,5,1
58,0,7.938474016682593,1,0
17,0,13.974872442573037,9,0
7,0,0.1879827794000845,10,0
46,0,6.0886464807364575,7,0
13,0,37.566435147948084,4,0
40,0,11.218061435774228,7,0
42,0,49.71555172682153,5,1
9,0,8.474792916103977,10,0
50,0,39.459708606718124,9,1
27,0,35.281719144094176,2,0
66,0,16.174393926533753,4,0
5,0,16.603883263941665,6,0
29,0,28.221223890258518,5,0
37,0,42.63346746437966,1,0
38,1,19.370728511561275,9,1
83,0,3.152876057828486,9,1
8,0,18.78351692742461,3,0
65,0,10.444902394812795,4,0
86,0,46.96643015154437,4,1
17,1,34.89398988415978,10,1
71,0,2.6365499442460973,8,1
89,1,14.72012800940406,6,1
45,0,2.605776649548266,2,0
4,0,41.51783185170182,4,0
36,0,45.324190455167326,1,0
70,0,5.702752331369811,3,0
31,0,22.07047329583394,4,0
19,0,46.60097576363765,8,1
61,0,7.34606316706206,3,0
54,0,14.665989173750113,5,0
39,1,15.283305043615528,1,1
91,0,1.5999097788797254,4,1
74,0,1.910034411030534,2,0
90,0,47.64436207143736,4,1
19,0,28.597521188414078,5,0
39,0,15.40175123928803,3,0
67,0,18.99586556925857,6,1
45,1,35.77066214936671,2,1
13,0,18.389208457375556,5,0
92,0,11.465244114355084,4,1
58,0,5.18168334582999,5,0
20,0,36.473757284730056,9,0
92,0,9.110194332093714,6,1
72,0,3.5754486693222494,7,0
61,0,21.405026830274203,8,1
39,1,2.0745909943865533,9,1
1,0,48.25340311131005,5,0
3,0,31.401919081984506,8,0
77,0,7.7195708412833834,2,0
92,0,8.705458913778195,10,1
62,0,28.534441165614986,9,1
63,0,17.8926312911559,2,0
25,0,38.73591053496691,5,0
56,1,27.33574363238394,6,1
33,1,21.723360388694573,4,1
38,0,48.152714378457055,8,1
6,1,19.597379904863484,10,1
58,0,20.09048509748744,3,0
44,0,33.32204381093337,5,0
45,1,40.492981347696194,2,1
32,0,31.34812804384141,3,0
45,0,34.96065008051598,8,1
61,0,18.709285271473895,5,0
47,0,24.026892140265158,3,0
21,1,9.932050814751369,5,0
80,0,34.044299885856326,9,1
85,0,11.150451827292802,3,1
75,0,0.16271409015117805,10,1
36,0,46.69472977835688,7,1
99,0,15.370160536606235,8,1
19,0,9.911938919053513,5,0
20,0,13.480521875192217,3,0
57,0,16.589340111170515,6,0
18,1,23.779866679763867,3,1
47,0,3.5606483838279717,9,0
49,0,2.728390494651999,2,0
14,0,14.716247200349823,3,0
15,1,14.858729946735082,7,1
31,1,5.970546767930329,10,1
1,0,20.29910055659466,8,0
54,0,14.273030543318836,5,0
3,0,1.4001720844739982,5,0
16,0,44.297466943013426,5,0
87,0,44.312349000375164,4,1
57,0,10.538194420382354,9,1
75,1,8.227324185400958,6,1
12,0,27.409908940914388,8,0
74,1,31.5745997987734,8,1
96,0,47.88137361660893,5,1
16,0,18.929687986326645,9,0
72,0,30.948197108941464,2,1
76,0,43.92123418563505,8,1
24,0,22.552693910464416,3,0
28,1,6.205052982750569,7,1
8,1,18.934619562915714,9,1
92,1,6.9146896424946895,5,1
36,0,0.930309263677319,8,0
90,1,37.60249751181641,4,1
8,0,11.997342654718242,1,0
58,0,0.2001515873648047,1,0
60,0,43.63437464100374,6,1
50,0,22.245063040696206,8,1
28,0,12.019107993697936,10,0
92,0,13.213219620535419,2,1
41,1,12.102840875922007,4,1
64,0,9.808352443344672,3,0
27,0,42.077188606257394,9,1
63,1,8.599548555056488,3,1
17,0,28.136548725581992,8,0
73,1,3.9582802091421483,7,1
33,0,47.48111667131215,1,0
84,0,30.2053638318515,8,1
77,0,45.16731030899443,9,1
92,0,19.95410119582721,8,1
29,0,40.552535632444325,10,1
13,0,42.69735852452063,10,1
46,0,35.17716962981563,1,0
35,1,4.738078576039945,7,1
6,0,0.9023963116547078,9,0
82,0,8.511127635605467,5,1
69,0,5.993028172637253,2,0
47,0,36.2843694435722,8,1
25,0,27.894640352398202,9,0
66,1,26.34494814082573,7,1
10,0,12.718078286374212,5,0
56,0,7.814916083178377,8,0
30,0,10.406743691467904,6,0
5,0,20.073822669982558,4,0
33,1,37.03314601737155,1,1
65,0,12.80037916516985,6,0
18,0,34.96078876281014,8,0
96,0,24.626439838201687,3,1
49,0,44.28349834068857,7,1
11,0,11.722436588362767,7,0
85,0,22.597748462618686,9,1
26,1,4.923571881566986,1,0
63,1,16.824141816853803,5,1
89,0,25.39333415720693,8,1
86,0,36.66373669535604,3,1
59,0,9.984048290925724,5,0
27,1,10.982797207482646,1,0
49,1,31.615734242000364,9,1
77,1,19.18464339437015,4,1
33,0,24.15653387489416,5,0
98,0,41.82312995205916,3,1
99,1,25.004256723119806,2,1
1,0,32.65971909239764,7,0
21,0,32.873074578832615,5,0
55,0,40.20023595350531,10,1
6,0,31.943160475702108,3,0
92,0,3.3340103001277392,2,0
81,0,17.174431836073325,10,1
69,0,49.466877557109584,6,1
95,1,9.905863411515146,10,1
5,0,29.37778101289296,6,0
3,0,42.16273792987535,3,0
53,0,29.369272181292967,9,1
23,0,18.676285880521196,1,0
53,0,4.103405279613516,3,0
37,0,18.14707863655114,1,0
74,0,9.18516882755705,7,1
74,0,48.0470545324708,2,1
83,1,35.78008889375849,4,1
17,0,37.49421940255713,4,0
85,0,21.85486637341887,8,1
78,0,5.587244923772137,4,0
73,1,13.409152659749319,3,1
1,0,13.059584092909873,10,0
51,1,24.39028960499703,3,1
45,1,23.102891355998523,5,1
77,1,21.727070046854834,6,1
4,1,24.849275587967778,7,1
62,0,49.352451790875605,5,1
65,0,14.987846169578878,7,1
32,1,30.801931101145023,4,1
34,0,12.051436427611211,5,0
92,0,23.383652669716483,6,1
95,0,10.082456734004108,9,1
72,0,27.95379254145791,6,1
39,1,13.324088145535008,10,1
26,0,1.935766944269656,1,0
34,0,40.782027464493716,7,1
54,1,6.499930094808834,3,1
3,1,18.465136075933593,6,0
50,0,23.911162694649025,2,0
12,0,21.680752021054175,7,0
65,0,36.31072160813145,1,1
54,0,29.879152136954122,2,0
5,0,14.839022017103549,9,0
94,0,2.6799796920494416,9,1
94,0,38.402996400833494,7,1
57,0,17.69110362125324,2,0
17,0,44.49726457589846,5,0
47,0,19.813333002802196,4,0
23,0,35.91116444627159,2,0
79,0,46.984278691410495,2,1
85,0,32.59250728671044,10,1
14,0,20.73309677853549,8,0
66,0,28.413223512418547,5,1
75,1,27.21791490824044,8,1
51,0,29.282519829002805,2,0
38,0,7.426317283503154,2,0
64,0,34.95564313182537,3,1
98,1,7.33765925629244,10,1
38,0,0.8293825274489379,8,0
50,0,31.276527024134772,8,1
98,0,5.9339872515620105,3,1
82,0,38.543540671892536,1,1
30,1,43.31170107969094,7,1
79,0,47.242365835167924,4,1
91,0,33.25740044902894,3,1
51,0,24.15254315532598,5,0
63,0,17.678825927219375,6,1
98,0,24.597162189917906,1,1
52,0,9.598576195179644,9,0
38,0,17.486290124675744,6,0
97,0,35.924733189241444,3,1
88,0,10.949406259597236,1,0
79,1,13.276950070115884,9,1
30,0,37.491479959821646,2,0
51,1,8.974013197778318,10,1
81,0,12.369790565021548,6,1
5,1,0.9756233848502526,6,0
29,0,36.03057481680183,3,0
4,0,30.93338792176505,6,0
10,1,34.74983408032591,2,1
56,0,10.794955321470326,8,0
17,0,34.40008189732078,1,0
74,0,29.85919322289351,6,1
17,0,18.369536663177968,1,0
84,0,21.947508000556795,9,1
88,0,28.439233113343068,9,1
69,0,24.715279586769082,6,1
34,0,32.12722049187162,6,0
6,0,9.130880922539157,9,0
53,0,27.081426750318226,5,0
66,0,22.568946194940587,9,1
77,1,23.104922651298512,5,1
43,0,23.522164324071507,4,0
75,0,44.08545099473363,2,1
23,0,40.94950931271712,2,0
55,0,31.515541062409785,1,0
80,0,35.8526980865582,10,1
95,0,2.2358515397985212,3,1
75,0,37.22518679704547,1,1
16,0,24.35961795383707,6,0
8,0,15.955603470951566,7,0
4,0,7.074870600313331,9,0
4,0,3.8529186385643905,7,0
56,0,2.3397957062864836,4,0
25,1,8.173629127023014,4,0
67,0,1.6041753604073086,8,0
96,0,36.6588478978818,4,1
67,0,12.50584453918481,1,0
27,0,18.50014730390726,9,0
93,0,41.15353906941256,3,1
32,0,5.8214090765770745,1,0
50,0,41.796142108787016,9,1
61,0,32.01306349245937,10,1
51,0,17.167272778769693,10,1
19,0,5.978579932077444,5,0
21,0,4.665485597311532,9,0
5,0,16.8421658693581,3,0
82,0,7.103064438630486,6,1
92,0,13.458743794116211,7,1
42,0,2.742494442521094,5,0
61,1,29.790920242665276,8,1
22,0,7.349278235994843,10,0
21,0,37.86094242496879,6,0
70,0,10.986931316270807,6,1
1,1,39.91903130897548,7,1
5,0,9.575111112670799,8,0
12,0,36.0961915286948,2,0
90,0,16.720426513297348,7,1
46,0,29.197687744961517,9,1
34,0,2.0292245346547477,1,0
49,0,24.812697274277447,1,0
78,0,7.519525945632955,7,1
90,0,24.367379339726423,5,1
45,1,7.15382063121887,1,0
27,0,21.910747094954605,1,0
73,0,5.619978929591189,2,0
26,0,11.075580734941358,10,0
47,0,29.79443888164235,9,1
86,0,48.83536579678609,3,1
56,0,22.514319942759403,9,1
94,0,34.389967261214174,6,1
63,0,27.017291085114323,10,1
48,0,24.968060921292444,6,0
61,0,3.328739422308574,7,0
81,0,7.300440373536443,10,1
26,0,44.16458068870511,8,1
36,0,20.567199320585985,3,0
1,0,30.75519058158107,8,0
8,0,26.458838312476423,6,0
99,0,19.006230739606618,6,1
52,0,19.452045476285463,3,0
79,0,27.81770379484277,6,1
47,0,7.142975893639607,8,0
56,1,19.42422610869626,7,1
86,0,22.40408091319668,10,1
14,0,49.2577985614386,10,1
90,0,17.637592987357316,7,1
28,0,32.26448690445536,3,0
87,0,6.957033441340761,10,1
78,0,3.367520953327934,3,0
88,0,43.58994649866139,5,1
2,0,36.56367163004376,5,0
26,0,15.943214450968993,9,0
14,0,25.278442344571726,9,0
59,0,6.873634804146743,10,1
56,0,35.38729866964493,5,1
7,1,3.6094965451632044,5,0
3,0,37.875949541365976,6,0
23,0,27.38714186247233,8,0
18,0,14.01464145132956,6,0
38,0,43.14246026766669,6,1
99,1,49.30498632990883,9,1
15,1,12.792020149762134,1,0
64,0,40.331682864338035,4,1
89,1,37.53329918718522,10,1
28,0,37.384787043172906,10,1
74,0,47.86605701305296,2,1
39,1,24.38219290586942,9,1
57,0,33.740985223777066,3,1
17,0,41.21148044492762,10,1
86,0,24.028868607647016,2,1
90,1,24.123417020319096,8,1
44,0,16.00087222796083,4,0
25,1,39.06320307007399,2,1
17,0,34.34116940630927,4,0
13,0,22.611880985102392,7,0
84,1,21.024899204196963,7,1
25,0,3.7222231941390205,1,0
68,1,0.4244072267379343,1,1
10,0,26.491808929938987,3,0
67,0,20.932893332344815,2,0
18,0,39.82223431909804,3,0
86,0,27.178437409725362,4,1
34,0,46.84163156477305,7,1
8,1,9.887425863163827,2,0
40,1,49.508501985213485,7,1
83,0,14.966167796174105,5,1
42,1,32.15695628130797,8,1
41,1,25.1425003094709,8,1
6,0,18.042862422337546,5,0
52,0,7.051528244945786,10,0
26,1,6.828224157465362,8,1
64,0,35.604140786171946,9,1
98,1,18.944305010517937,7,1
59,1,48.06876890923384,6,1
56,1,16.349859476666268,7,1
59,0,49.17783371522335,7,1
70,0,10.35062050410361,3,0
33,0,5.2304378729295715,6,0
53,0,15.69722970279556,6,0
22,0,44.29068099248659,9,1
21,0,26.140412030314707,1,0
70,0,6.868940286266682,7,1
70,1,10.204702575244342,1,1
4,0,15.631907041263206,10,0
94,0,29.54932021685412,4,1
75,0,16.685709099893273,7,1
62,0,37.37799869625743,6,1
62,0,30.8530484536463,6,1
94,0,43.70380449393167,5,1
95,0,25.097995135332276,7,1
24,0,16.625703063643282,9,0
55,0,49.81395123337989,6,1
9,1,17.84610275818705,10,1
3,1,21.487271725047552,7,1
31,1,40.47544854536861,9,1
40,1,4.52294807126532,7,1
36,1,19.385856292319882,6,1
24,1,4.3769336625703685,3,0
95,0,7.051362746970619,1,0
6,0,0.3315771923505457,10,0
66,0,0.5762601998605231,9,0
84,0,19.076365686192315,7,1
92,0,40.47727386689403,3,1
75,0,29.39151759352549,10,1
4,1,31.782210802468406,9,1
79,1,26.010536955485836,3,1
6,0,41.00767789411088,3,0
94,0,44.03089838679009,7,1
51,1,42.50206233445422,2,1
62,0,40.62539207957165,10,1
57,0,9.217382370807861,7,0
66,0,29.734423645724533,7,1
79,0,29.149943485308672,1,1
75,0,26.44440578700729,10,1
8,1,24.092558185908622,2,0
26,0,4.549606811600536,5,0
51,0,5.197945371920475,4,0
45,0,45.123850364987106,3,1
44,0,31.546303312147813,10,1
5,1,13.189629003450518,8,0
70,0,14.037089421751466,7,1
26,0,30.54872209926664,9,0
68,0,20.40605523431954,3,0
19,0,22.12207613215622,10,0
84,0,3.126434527617609,1,0
97,0,7.023085436776262,9,1
20,0,19.728186285526764,9,0
12,0,35.01435235474494,1,0
47,0,2.4964668412356663,8,0
1,1,16.794433862271053,10,1
90,1,34.784090401532346,1,1
14,0,39.62333444346953,6,0
64,0,9.592013134356135,9,1
38,0,36.60120788148351,3,0
37,1,47.77504353454357,6,1
11,0,45.34992628981277,3,0
77,0,39.48986626113769,5,1
3,0,35.64510163346278,7,0
33,1,11.833401570186538,10,1
6,0,31.731771029700806,4,0
50,0,32.19937229113377,4,0
10,0,20.400384471425127,7,0
5,0,24.701471538876785,5,0
23,0,34.73202155991787,1,0
10,1,47.60986663195006,10,1
44,1,14.835779801207476,2,1
2,0,12.39352128267623,6,0
13,1,30.130163925713696,9,1
40,0,6.62687566092386,7,0
2,0,29.168388241341916,4,0
84,0,4.533689105064397,2,0
65,1,24.580135592264988,4,1
63,0,31.058677298205332,5,1
73,0,3.598470999714809,2,0
17,1,10.426962282236602,1,0
9,0,16.835176815488296,4,0
75,0,18.493074889789334,6,1
15,0,33.837621698382506,1,0
24,0,26.498164893920254,1,0
38,1,19.167212668235813,9,1
35,0,22.588745091648338,5,0
94,0,0.747535865446937,2,0
95,0,38.54921143745074,2,1
49,0,2.146133965869645,4,0
69,0,41.48294289683604,2,1
62,0,27.09572641859503,4,1
60,1,26.4381776421034,6,1
50,0,35.25847352588265,7,1
78,0,42.99202067940792,6,1
75,0,47.138042709335245,4,1
9,0,27.214157373474844,10,0
34,0,7.61784577624702,3,0
76,0,43.94368321603306,4,1
99,1,2.1295337166687345,5,1
35,0,40.386124818918425,4,0
1,0,34.05303915863984,3,0
40,0,45.24590761040501,1,0
64,1,44.8834111973476,3,1
22,0,2.7523888633102755,5,0
60,0,30.511375718066038,6,1
64,0,6.321105612893268,4,0
93,0,4.01558372602833,1,0
72,0,22.469029576953453,10,1
11,1,4.970117238452158,7,0
14,0,36.42232891731838,9,0
60,0,48.45014145432922,6,1
30,0,28.52218959337633,6,0
35,0,11.834926591128161,9,0
85,0,42.175998937117235,4,1
37,0,42.6698584090083,5,1
5,0,36.66602002098328,5,0
83,0,30.795096022186208,5,1
78,0,43.402843492111025,8,1
26,0,8.248254931678197,1,0
62,1,46.586846304567835,10,1
4,0,47.36543714560736,10,1
89,0,43.612419462456955,3,1
42,1,12.608035532102207,8,1
89,0,42.92310147690039,9,1
18,1,24.932146770700818,2,0
40,1,29.787018846301184,4,1
72,1,42.045971062956845,8,1
39,1,1.5761839428073523,5,1
14,0,18.21083534956472,1,0
32,0,40.80309952449884,6,1
51,0,40.71634371170598,9,1
38,0,42.449527551458345,9,1
97,0,8.543873416960615,1,1
23,0,35.323742249575204,4,0
63,0,7.410516691220386,1,0
15,1,39.27639064665616,7,1
97,1,12.331787622279924,3,1
25,1,36.9171046065886,2,1
17,0,22.80458076454583,8,0
97,1,49.31454688118334,9,1
66,1,29.03670215438912,7,1
78,0,31.66571027459228,6,1
53,0,18.471359341179244,10,1
51,1,36.75255587658691,6,1
39,1,24.79479349113127,9,1
51,0,1.0015250912836209,5,0
70,0,30.468221733994692,5,1
6,0,41.539933562425134,2,0
67,0,11.916408326016487,6,0
7,1,11.13108137875071,6,0
51,1,30.483420537651597,6,1
72,0,40.917165893632145,4,1
42,0,12.556054858394434,7,0
64,0,46.61990629702765,9,1
15,0,46.376629098409296,1,0
29,0,10.106779928205873,3,0
33,0,13.262842161635103,10,0
94,0,35.059880666313255,9,1
27,0,47.59148214031886,5,0
36,0,35.5231461699381,6,0
29,0,22.30051248604485,8,0
38,0,8.533167186682505,9,0
57,0,23.104391457097098,8,1
97,0,30.377712819330664,3,1
27,1,16.614500755936852,10,1
55,1,25.56186527788448,1,1
33,1,6.597685003602425,5,1
68,1,22.66418641517806,7,1
86,0,4.629713364584744,2,0
66,0,2.5495286224546305,1,0
10,0,42.87627178840643,4,0
5,1,10.333571048889137,3,0
74,1,28.800250923483873,4,1
97,0,7.534239644658621,1,0
38,0,13.200125788373638,2,0
13,0,18.13083704649727,1,0
31,0,7.269454174103034,3,0
47,0,2.393518620854405,4,0
88,0,43.87027412069875,1,1
52,0,0.6904585104006292,6,0
56,0,3.1599170434698842,2,0
15,0,40.27310082532232,10,1
29,0,14.172216004975496,5,0
8,1,36.168733025623396,8,1
5,0,7.396664885973896,4,0
29,1,11.940359254976295,5,1
47,1,28.681548178189974,9,1
68,0,49.43292834061525,2,1
76,0,3.7648790609452365,2,0
45,0,20.08767443929343,6,0
2,0,2.249740403295648,6,0
27,1,10.041399488533147,3,0
95,0,45.38280423924138,9,1
36,1,4.913359179109506,1,0
36,0,42.85711047664412,3,0
26,0,8.972381581693053,8,0
43,0,43.10306384223143,8,1
27,0,26.947295960470193,4,0
69,0,43.922513043919494,8,1
20,1,7.670011868110868,10,1
11,0,38.125623910260515,8,0
74,0,34.06685994442078,1,1
38,0,27.19237603090883,3,0
6,0,40.54830848610755,1,0
72,1,32.44897361890928,2,1
23,1,43.8646415379267,4,1
47,0,19.115001124599747,3,0
90,1,29.53716659586337,6,1
46,0,43.54298204452801,5,1
12,0,10.819221798796317,5,0
90,0,24.33849369518103,10,1
13,1,48.04101690426058,7,1
62,0,23.732729894584754,7,1
82,0,12.71618931525746,9,1
89,0,17.618704313287587,8,1
97,0,44.265697556734985,3,1
60,0,47.74866363450076,2,1
43,0,47.51037137003835,1,0
76,0,34.9772253592317,10,1
68,0,25.52913425234816,6,1
5,0,9.216177851876358,4,0
37,0,6.2487285023161805,3,0
72,0,3.0823537213031766,2,0
92,0,0.9839739844975659,2,0
31,1,43.91802443307353,4,1
9,0,40.47340715858689,1,0
51,0,28.434286886973496,6,1
29,0,49.936290401431926,10,1
78,1,47.65729840286189,5,1
40,1,32.78993763866385,10,1
41,0,23.28227089530865,9,1
86,0,7.6933187340451665,2,0
11,0,25.828130882192184,9,0
23,0,7.97140927698781,9,0
1,0,19.982720081884832,10,0
46,0,47.138140610794274,9,1
21,0,17.16475156784831,10,0
90,0,7.724084954809008,10,1
36,0,29.16159055138711,4,0
54,0,30.15797228896086,5,1
87,0,9.770831699149,8,1
57,0,9.909670720339815,8,0
1,0,49.47853458710887,1,0
63,0,12.239725535824379,10,1
54,0,41.92578253570085,1,0
55,0,23.56915889474438,10,1
40,0,21.80596302174513,6,0
15,0,14.818624566571245,7,0
21,0,38.71390726492731,2,0
47,0,44.044977834233585,2,0
73,0,13.130260331798105,5,1
53,0,4.845323800520787,9,0
9,0,6.932285688991931,5,0
74,0,39.66089638483558,8,1
52,0,21.84776287484933,8,1
57,0,6.682541454695073,5,0
26,1,17.080381500339264,8,1
41,0,25.760350594367345,8,1
35,0,42.61737902386591,5,1
63,0,32.12298838583623,5,1
25,0,8.884036773892037,4,0
90,1,8.019265346680989,1,1
75,0,20.675477360102793,9,1
38,1,3.8521231003176433,2,0
2,0,37.803302044665266,1,0
7,0,20.132545633158227,6,0
82,1,17.216886261791377,5,1
91,0,25.504505786332647,1,1
34,0,35.476944507766106,7,1
91,0,28.5104125302033,7,1
17,0,40.13989880792715,3,0
43,0,31.505191937118862,8,1
59,0,39.41971634367236,6,1
51,0,34.869435450877276,4,1
54,1,9.736829729160451,10,1
24,1,2.7124870642713583,10,1
25,0,45.17950034511874,10,1
71,0,47.288242652566,3,1
52,0,36.37392160191046,1,0
70,0,36.23787055252786,2,1
88,1,13.580339316656064,2,1
33,0,27.16784127320346,5,0
49,0,49.61275921885995,4,1
29,1,42.82156554369397,2,1
63,1,15.289278192344632,9,1
22,0,15.12218869832473,7,0
26,0,24.230506828288153,8,0
28,0,20.289473441772447,8,0
85,1,18.620537009380715,2,1
49,0,31.385898249424557,5,1
71,0,0.6734742347135243,3,0
81,0,38.190647838060514,10,1
84,0,37.02864453412167,9,1
49,0,41.53325146167559,9,1
20,1,42.08838859800999,6,1
86,1,28.36334476854738,4,1
92,1,39.025689387602206,8,1
63,0,24.67051676147791,5,1
61,0,47.581338837273194,3,1
49,1,9.615856636392992,8,1
71,0,45.78929289448757,6,1
1,0,13.000665027259382,5,0
96,0,5.225896346973916,1,0
13,1,22.011311925607675,3,0
94,0,30.784370396561364,7,1
87,1,11.626394672677616,3,1
51,0,27.83423243310046,1,0
56,0,40.41387851103178,8,1
83,0,12.928539793605765,7,1
62,0,29.05808007111873,5,1
32,0,17.031698550034708,10,0
30,1,26.535446529770965,5,1
29,0,33.37925907679098,6,0
49,0,17.58608633362301,7,0
45,0,49.72469583436148,3,1
93,0,28.23238240163908,4,1
30,0,41.240631798737645,1,0
16,0,36.284247623248476,7,0
40,1,42.65498515377709,10,1
19,0,8.772667631474539,2,0
18,0,11.205430115410781,7,0
1,0,24.421817776725483,6,0
78,0,42.63120095662357,4,1
47,1,9.96056841140385,2,1
66,0,48.55618502215419,7,1
92,1,6.467355184925556,7,1
94,0,8.836389464507349,5,1
38,0,8.444965789967164,9,0
51,1,29.341697056427517,3,1
63,0,45.88529997167213,9,1
4,0,12.830058219605272,5,0
1,0,27.69653898758222,2,0
8,1,8.871048251368292,9,1
29,0,31.59373112076915,1,0
55,0,6.249992175357636,1,0
3,0,24.616407298883626,7,0
32,0,32.79357250247568,3,0
10,1,28.99848304609996,8,1
74,0,7.0860240867670505,7,1
83,0,8.152531238589983,7,1
34,1,33.60241114076691,1,1
97,0,40.46457387487983,1,1
87,0,45.41291268622659,2,1
55,0,40.69921461577123,2,1
92,0,48.69880155647101,5,1
32,0,20.471765027840256,9,0
50,0,16.625171135679512,7,0
7,0,1.506384212021333,2,0
93,0,22.549803213805863,5,1
8,0,32.603440465420306,5,0
65,0,40.78889120199153,8,1
57,0,13.446023600441078,9,1
67,1,25.728204690827596,8,1
88,0,33.13427727424092,2,1
87,0,27.624983012606286,4,1
59,0,13.773633798380146,2,0
72,1,39.83449367092361,6,1
54,1,8.75071452234949,4,1
67,0,45.258493705939564,7,1
51,0,47.634577777835084,2,1
97,0,18.342105777555577,9,1
92,0,18.871471345248995,5,1
8,0,37.18958511996799,1,0
34,1,22.868801067744833,3,1
35,0,1.5276461656018363,4,0
96,0,46.00184871099452,3,1
88,0,21.594442064091563,6,1
78,0,10.254405516961532,6,1
32,1,27.827637250124425,10,1
46,1,11.023417513306695,7,1
16,0,10.380497784112231,9,0
68,0,27.33199323679257,10,1
37,0,19.613010380254508,9,0
54,0,28.692364584835794,7,1
85,0,49.8415892968809,1,1
14,0,42.96500590310134,3,0
95,1,0.48277288456045886,5,1
55,0,2.6227299059157483,10,0
48,1,30.542964062549107,6,1
82,0,31.350178448501673,6,1
7,1,43.92172311939207,5,1
74,0,31.489953008639105,6,1
7,0,11.46295547193554,9,0
33,0,23.478959762412178,1,0
23,1,40.468371493492306,1,1
85,0,46.14896573345874,9,1
19,0,11.922064436438784,8,0
19,0,27.02627627716496,9,0
36,0,8.030484753503096,7,0
29,0,24.900284976485704,10,0
60,1,4.596694625400104,6,1
82,0,47.092230690528666,9,1
2,0,31.939017268302514,2,0
1,0,42.725415411512486,4,0
47,0,49.914929191677125,2,1
69,0,9.215033135798373,6,0
20,0,34.73775640648647,1,0
11,0,44.36061604599222,7,0
2,0,28.839314553848325,7,0
67,1,32.02084928049139,7,1
87,0,20.442787366905154,4,1
12,0,33.77056560245405,8,0
20,0,19.839337943336577,5,0
5,0,23.883319943757275,2,0
37,0,5.235295956878961,5,0
38,0,0.4896391690010442,10,0
94,1,2.852041094533448,9,1
9,0,9.706829882786325,10,0
98,0,22.884530597793763,1,1
53,0,1.1476041354875488,2,0
44,0,7.881238293796201,10,0
99,0,39.09408573383349,8,1
86,0,38.13211125727615,5,1
24,0,39.50754155460744,9,1
81,0,46.08489306551902,6,1
74,0,6.041642936652505,8,1
30,0,8.240679823771359,1,0
59,0,16.74432536860559,9,1
87,0,45.76554582914739,9,1
96,1,38.79633937599665,3,1
81,0,16.273651489382754,1,0
81,0,4.47302730735847,8,1
14,1,30.857363304826823,8,1
9,0,12.915276373702051,9,0
40,0,26.6045130418308,6,0
66,0,47.09598764408875,9,1
25,0,28.67360054118529,10,0
73,1,46.19933837752587,9,1
22,1,19.712635421144284,4,1
4,0,31.704231730709658,5,0
26,0,44.70510969995352,6,0
58,0,29.440566849296008,6,1
29,0,30.7834439836525,10,1
98,0,35.843768305853104,2,1
87,0,44.117177083693825,4,1
37,0,4.500185055918563,9,0
75,0,16.909283170586736,7,1
70,0,19.94446783142213,9,1
18,0,45.49451230291997,6,0
85,1,47.80479543335845,7,1
42,0,6.106985186789725,9,0
41,1,6.043473221460161,4,1
38,0,46.74960353319288,9,1
34,0,14.859017878991374,3,0
17,0,12.166539509953921,8,0
37,0,1.877581001129524,3,0
25,0,13.852237145055385,3,0
76,0,34.70696871857681,3,1
87,0,21.35920452070413,9,1
86,0,25.891830547422835,10,1
85,0,45.87305027108278,3,1
27,0,5.823020155298691,6,0
57,0,3.65491169060569,4,0
31,1,42.61134438128232,2,1
6,0,38.765304291792255,3,0
91,0,13.26033592855712,5,1
40,0,16.279282906066737,10,0
98,0,15.582864005205446,4,1
12,0,32.42565902129337,5,0
53,0,3.1544541987500705,1,0
71,0,24.521139104659973,4,1
10,0,6.780261158725983,10,0
45,0,41.00495319221975,3,0
17,0,19.095083915067267,2,0
26,1,26.425852441651017,7,1
85,0,1.5629486780614201,10,1
92,0,3.007389245698511,9,1
62,0,33.78523605359996,1,0
46,0,38.36185020255247,7,1
64,1,35.53077567164985,1,1
2,1,36.877229959247224,5,1
54,0,5.3205305424115155,1,0
65,0,34.7031969707673,3,1
51,0,9.169204376185771,8,0
53,0,4.990970050651591,4,0
36,0,37.88232543969657,1,0
26,1,44.48136524336808,1,1
29,1,35.86382437951742,8,1
21,1,40.29811529545619,8,1
11,0,49.55529894056863,4,0
40,0,6.824319979193557,4,0
11,0,48.261112366408625,10,1
36,0,30.099770493956115,2,0
59,0,40.68133255151652,2,1
39,0,32.54344216122473,6,0
99,0,28.544885660388925,8,1
54,1,35.21058780168222,7,1
98,1,16.08090735919784,7,1
55,1,46.22114902224644,3,1
24,1,5.853099345583357,2,0
22,0,15.96975608591446,10,0
69,0,1.6550014247051152,7,0
56,0,13.639020077539977,4,0
33,0,10.988832549356077,1,0
36,1,2.576579947863697,1,0
20,1,24.639525786046242,4,1
83,0,23.48493848859493,5,1
99,0,3.9794976505435775,5,1
81,0,13.166341517279868,1,0
62,0,47.67077580727117,3,1
98,1,5.625757563069974,6,1
73,0,15.32043057808746,10,1
26,0,1.8895336828874618,7,0
66,0,7.529471410925961,1,0
73,0,34.9999156625429,8,1
73,0,18.399153383080648,4,1
40,1,22.658620876888115,9,1
17,0,7.933221917019741,6,0
1,0,34.138794627275956,1,0
89,0,37.600927744753555,2,1
61,0,9.137491270885313,3,0
43,1,2.345173834635114,2,0
42,0,4.1389626020200225,10,0
25,0,32.886583284430586,7,0
39,0,6.861979064492462,1,0
35,0,24.746549825024893,9,0
3,0,7.716812393215885,2,0
44,0,8.590387605441464,4,0
51,1,0.3175891167417785,8,1
94,0,16.10913036733356,3,1
98,0,4.5808835770357295,9,1
12,0,19.75866763948722,7,0
19,0,29.929437049917436,10,0
44,1,18.439844201613035,3,1
59,0,35.28357337868323,3,1
49,0,37.09844322516397,5,1
61,1,34.86065872930451,5,1
17,0,46.84200662561176,10,1
74,0,11.940984422058037,5,1
57,0,9.553877010437333,9,1
55,0,30.52460331316917,9,1
47,0,29.784362770765753,6,1
12,0,25.553906850372872,7,0
62,0,0.3172242555637984,10,0
80,1,27.806387672309324,8,1
88,0,46.64662303796165,9,1
83,0,16.795426686731858,6,1
8,0,48.383199746680496,8,0
95,1,17.902158291964945,2,1
21,0,7.07873967563911,10,0
81,0,19.980330404864212,8,1
87,0,24.781104514884852,2,1
80,0,31.5102740678119,8,1
70,1,25.29342028491447,2,1
72,0,26.882259507570286,3,1
25,0,1.3009452140445084,7,0
82,0,12.755646439786066,9,1
89,0,15.603763231164683,3,1
12,1,49.35571804028431,5,1
15,0,14.848830150502978,9,0
59,0,44.83928455633183,7,1
26,0,15.30633640699983,2,0
26,0,4.895905519015314,5,0
47,0,12.456108213141123,5,0
32,0,13.714136407223467,9,0
10,0,48.91460483506031,2,0
16,0,33.74714612780514,1,0
71,0,46.5908816814862,4,1
17,0,41.76625160802061,4,0
23,0,28.97206468483707,1,0
26,1,33.801857419853604,10,1
85,0,31.279375965431974,7,1
86,0,33.346525006970154,2,1
7,0,13.312205864901085,9,0
14,0,20.46544419697606,7,0
79,1,29.671528998747505,7,1
7,1,1.8928304062872703,1,0
9,0,24.1934615799445,9,0
48,0,43.00037397655288,10,1
72,1,24.66914960650796,9,1
59,0,27.66093609590942,2,0
87,0,10.175065513708022,10,1
93,0,39.73773286487335,9,1
82,1,18.00802657307269,2,1
95,1,47.833718918629266,2,1
94,0,49.686368932153,8,1
39,0,45.80842707553256,3,0
99,1,4.335349566325582,3,1
18,0,16.72583945925174,7,0
59,0,47.26236799161562,10,1
17,0,40.24621141273744,6,0
14,0,45.56806110644074,7,0
31,0,28.67040436269083,6,0
24,0,24.07183965055776,9,0
99,1,5.414166218522107,2,1
60,0,41.989629961922645,8,1
45,0,37.28256326618188,6,1
98,0,3.0379424904690686,4,1
3,0,10.549788020804739,6,0
37,0,27.908150409419022,6,0
43,0,34.251679863025466,10,1
40,1,6.9697461866242225,3,1
90,0,12.31675844126996,8,1
55,0,9.736199564279797,5,0
87,0,11.077857918260056,10,1
39,1,46.04358486608146,4,1
15,0,35.81939669463383,2,0
4,0,36.881638322124836,10,0
93,0,39.7203660123772,1,1
86,1,17.892994827938594,7,1
25,0,38.38251225851711,10,1
13,0,48.92282837671456,3,0
82,0,34.94987287245301,3,1
33,0,20.8959803033977,3,0
16,0,35.84635330697764,10,0
42,0,45.04965554311718,3,1
66,0,6.525201029431082,2,0
55,0,13.338204311677599,6,0
99,0,45.97288114491237,10,1
42,0,47.31702173218191,3,1
34,1,24.25854244318546,1,1
30,1,18.790093073824547,10,1
13,0,14.210812099591157,9,0
13,0,24.987701900439326,6,0
18,0,46.73310446439348,6,0
32,1,7.575500408480328,10,1
96,0,21.049548863506292,9,1
99,0,45.589232062178695,2,1
39,0,17.521051580198172,10,0
46,1,38.4272622114725,9,1
29,0,19.52406333343099,3,0
62,0,40.26584124831978,3,1
93,0,49.05201726286471,3,1
62,0,19.45231832770639,1,0
57,0,42.270422863252605,10,1
16,0,49.42199955953101,7,1
56,0,49.19312413626159,10,1
10,1,21.74517696851207,7,1
30,0,24.339479915402585,2,0
25,0,15.2397379259858,6,0
84,0,15.769536309746014,4,1
5,0,24.67428406934854,7,0
65,1,10.105877644209004,7,1
94,0,35.58505247813088,4,1
49,0,26.861795884237193,3,0
3,1,44.913586072946785,7,1
45,1,40.54806344714599,9,1
14,1,16.191308531022116,4,0
30,0,25.339650688581603,6,0
68,0,37.55069488917483,7,1
18,0,9.740686361171743,10,0
62,0,1.6767267178974095,3,0
37,0,42.62999586278336,5,1
25,0,6.963757848898117,1,0
48,0,44.48163040458995,6,1
65,0,45.68904039166912,5,1
53,0,23.088951863044144,7,1
79,0,40.358407446393656,9,1
73,0,18.223243193071504,4,1
15,1,42.927400970736166,9,1
49,0,41.25162601991917,6,1
88,0,4.01806764609,5,1
68,1,29.17182686354312,2,1
12,0,32.03594528947773,1,0
59,1,0.1427788053419809,8,1
37,0,48.99792410459184,6,1
61,0,20.387721987545472,7,1
43,0,25.915425972374734,6,0
70,0,9.820723581671745,10,1
39,1,30.584837018111333,7,1
56,0,40.54993132734001,9,1
63,0,29.336028051414434,5,1
46,0,39.422948785524646,1,0
88,0,36.582287239836525,1,1
11,0,11.959124795204188,9,0
62,0,21.84706077134679,5,1
77,0,7.516481533376788,2,0
98,0,2.1926001662475896,3,1
25,0,3.247140867680133,1,0
71,0,47.13074650065724,6,1
52,0,49.22841921080549,6,1
4,1,4.8393776516870135,3,0
59,0,16.826152415085232,3,0
72,0,5.809591939785532,7,1
20,0,41.728018286111556,1,0
93,0,24.865224872850057,5,1
63,0,31.100961620684913,3,1
54,0,27.041552200176813,5,1
74,0,35.54165383365173,4,1
98,0,16.024698941521322,6,1
57,0,6.960918391048612,9,0
90,0,0.9792381362127275,2,0
41,0,22.340075142434316,10,1
3,0,45.40093799669272,8,0
6,1,15.332800246812106,2,0
5,0,9.878245374667591,4,0
5,0,46.309533037730645,9,0
54,0,5.361887073689579,4,0
47,1,2.684871567448924,7,1
87,0,43.98271743027635,5,1
49,0,35.075378159538985,2,0
9,0,21.1612250430569,8,0
99,0,37.64196425314117,10,1
20,0,37.09785360700903,10,1
61,0,2.0990221067030883,2,0
35,1,33.844715921885815,3,1
50,0,32.07953163489036,10,1
82,0,48.19257890717355,7,1
62,1,48.3344682469722,5,1
17,0,18.952186377481993,10,0
88,1,29.533111403222094,3,1
3,0,7.153733006930098,2,0
32,0,3.416180645260988,6,0
99,0,21.695715625719235,10,1
13,0,34.52511234066702,1,0
89,0,28.431280002656575,8,1
73,1,21.5398804170815,5,1
68,1,40.92381608405209,5,1
14,0,39.741930861968974,2,0
98,0,36.62390854838029,7,1
11,0,3.943909182872678,5,0
56,1,39.84383443199261,8,1
67,0,45.97912366813553,5,1
92,0,3.0661602057167316,9,1
29,0,20.143402301545898,5,0
9,0,49.41893893685773,3,0
67,1,30.002019037567354,2,1
25,0,25.727512366160397,5,0
98,0,8.954562758690303,10,1
76,0,28.31776553837508,10,1
42,0,22.008258697425703,5,0
9,0,6.459408472949138,6,0
79,0,23.27019936563991,2,1
40,0,8.303525328245497,5,0
25,0,36.56011472413022,1,0
5,0,48.685053470566785,3,0
11,0,23.53189471644224,3,0
59,0,31.65517976253918,3,1
98,0,21.60567868586543,3,1
88,0,7.008847297484567,8,1
79,0,48.53070879512739,1,1
38,0,6.565975337795576,6,0
72,0,5.670177744825679,6,0
5,1,23.012729789397895,1,0
48,0,32.978474561769914,1,0
90,0,17.810671221547274,3,1
18,0,9.706599407625461,8,0
70,0,40.966272064571065,6,1
37,1,18.218855698416604,4,1
60,0,9.796616571856969,5,0
48,1,18.31773538759282,10,1
77,1,10.80625496137527,3,1
28,1,26.020442116835795,6,1
69,1,33.44764036827119,6,1
77,1,39.99791312223938,6,1
81,0,11.455345312961306,9,1
40,0,8.43100488465183,10,0
45,0,1.078210702671486,8,0
96,0,11.481579640527407,6,1
62,1,1.2928770896400323,2,1
93,0,17.33916276408406,4,1
58,1,7.370085132618827,6,1
67,1,29.036790351566435,9,1
56,0,19.247965298614528,2,0
40,0,4.769908519430901,6,0
98,0,20.053336505526048,10,1
40,0,10.546470986795796,10,0
91,0,34.04084983187126,10,1
77,1,18.28536861405992,7,1
33,0,7.436797459835789,8,0
6,0,17.545126446973903,9,0
88,0,11.296478863116254,5,1
19,0,39.809372181755464,9,1
80,0,49.170041262210766,9,1
40,0,1.3720203125853954,7,0
92,0,34.532004852032564,2,1
97,0,13.27149589781198,8,1
59,0,3.4137913290777937,5,0
59,1,0.8161303483061464,8,1
48,0,44.06238249370011,2,1
41,0,17.744964453682197,7,0
13,0,49.72774021532115,5,0
45,0,22.174620664747593,4,0
89,0,9.461127813391581,10,1
53,0,38.87946406927504,6,1
42,0,46.3319615967282,5,1
63,0,40.799489435697,6,1
27,0,37.28544177797364,9,1
38,0,16.801514756506506,1,0
60,0,3.318069158362631,1,0
7,0,10.144837493148481,6,0
5,0,22.395831686945314,2,0
45,1,47.814373513718756,8,1
58,0,36.17042356580017,7,1
31,0,41.43132395389554,6,1
23,0,13.936965455633151,4,0
42,1,34.22276906992981,9,1
10,0,43.13566335456202,7,0
32,0,24.022634593339568,7,0
53,0,21.551603825514857,5,0
30,0,35.998285220245755,1,0
39,0,28.03959314361284,2,0
31,0,49.65923705138279,8,1
82,0,21.31262975635523,5,1
2,1,8.879569538516831,2,0
78,0,23.649559134037013,5,1
77,0,11.836729155576794,8,1
93,0,28.106565657645604,4,1
12,0,6.377269922653497,3,0
39,0,47.50381605010438,5,1
66,1,43.00516178885403,7,1
96,0,7.862713315732632,2,1
13,1,8.702406845075782,1,0
46,0,25.670689856952023,5,0
27,0,38.66678121338209,7,0
17,1,11.032058849809719,8,1
95,0,3.1424888060206393,8,1
98,0,27.322160401472495,10,1
60,0,34.6106959936903,9,1
64,0,12.293838015506578,1,0
88,0,37.01441260875684,7,1
35,0,47.53712486873597,10,1
70,0,6.940014690005095,8,1
83,0,25.600350358903896,6,1
30,0,2.9364133390109717,10,0
71,1,10.412384260812706,4,1
74,0,4.581985737707556,7,1
96,0,20.259930491702107,3,1
98,1,41.059506339700405,2,1
63,0,28.898809481036892,6,1
28,1,11.206983374554994,2,0
60,0,2.1015212900765823,6,0
79,0,27.71456994480897,10,1
94,0,6.726556078029493,3,1
37,0,17.202427965451488,2,0
93,0,25.558593719788938,8,1
22,1,45.196253530741004,4,1
68,1,4.182984021726977,4,1
20,1,33.463518854114845,7,1
96,0,0.8026561466934384,8,1
68,0,31.532436762778765,9,1
91,0,27.62147121759662,10,1
64,0,40.61214434249438,8,1
17,0,26.62995739593752,4,0
12,0,17.69556832633426,2,0
22,0,12.213268479278506,10,0
17,0,4.353962114925443,5,0
10,0,26.77717244739192,7,0
65,1,44.427264139763565,2,1
22,0,25.785750248388904,4,0
90,0,36.98123258754803,6,1
82,0,14.991903417057022,8,1
50,1,22.46172990775091,10,1
14,0,16.29769985195198,6,0
64,1,5.552378956609379,6,1
47,1,20.907731303846898,6,1
29,1,38.2379328686771,4,1
76,0,19.80925247727141,3,1
36,0,32.543943188691536,1,0
99,0,37.95491265413793,2,1
52,0,16.2045377380945,2,0
76,0,39.89597652431329,10,1
7,0,17.01239327678851,7,0
29,0,12.879742316976756,6,0
11,0,11.200063771217264,8,0
33,0,10.075216871669479,9,0
6,0,36.8824912333885,5,0
79,0,44.38671212674019,3,1
32,0,11.609358861845932,4,0
51,0,4.3534908600280815,8,0
75,1,15.756972116793076,3,1
58,0,32.926577222175794,2,0
87,0,18.48915260207934,7,1
26,0,27.50390930663982,4,0
98,0,37.24081778719225,8,1
46,0,20.48307870463692,1,0
98,0,49.98477208542263,8,1
29,0,14.967668085751574,5,0
4,0,48.91459275844359,2,0
81,0,10.231180295132384,1,0
99,0,5.63549398888806,6,1
13,0,37.56644819220896,9,0
39,0,35.14525186689478,9,1
15,0,40.57735042739897,9,0
29,0,17.245162044491916,4,0
29,0,46.54730192726389,6,1
75,1,6.062123275816634,10,1
32,0,1.6108273564231952,6,0
2,0,15.098137867087377,5,0
47,1,39.886490723672495,2,1
78,0,33.68181713295505,7,1
84,0,21.866817334708895,1,1
22,1,12.887055348297338,6,1
75,1,3.0577120597220624,5,1
27,0,16.94152836452888,5,0
67,0,23.054986410962005,8,1
81,1,34.38248951975314,9,1
56,0,32.33400055182691,7,1
92,1,47.372510656300705,10,1
93,0,5.109756360737766,8,1
21,0,16.883372131668906,2,0
47,1,24.130746288651228,2,1
80,1,33.56772011331407,8,1
59,0,24.823039402926177,6,1
84,0,45.64663577414226,8,1
6,0,30.472750045430697,9,0
19,0,2.0793039435916403,9,0
57,0,5.7714328564001,6,0
69,1,37.69942851787987,8,1
3,1,35.81780604768009,2,0
1,0,7.759500391102685,8,0
58,0,3.0395421871767363,3,0
38,0,28.97802098644944,1,0
15,0,31.823367718133998,7,0
34,0,6.851451911890462,1,0
61,0,23.733604119936683,1,0
35,0,15.360993303008804,1,0
64,0,46.5721517172807,4,1
25,0,11.038070189131288,4,0
24,0,36.689710222574654,10,1
12,0,25.954882275882444,6,0
18,0,0.674898500099565,10,0
15,0,25.898229302309623,3,0
80,0,5.0636602809831235,10,1
27,0,32.987203571683054,6,0
72,1,28.319624166040455,7,1
60,0,0.6203186439403807,1,0
46,0,10.314172196190766,6,0
89,0,38.833630138313936,10,1
17,0,13.861053453670856,1,0
93,0,25.014241718036352,7,1
53,1,15.668730859018268,10,1
8,0,46.08419013423725,5,0
79,1,26.875193187393364,10,1
27,0,34.83905839131544,4,0
46,0,4.265457624385688,1,0
50,0,2.1127657778843316,9,0
71,0,13.035486933849832,7,1
3,0,15.525801183457338,2,0
93,0,34.4152590048771,4,1
64,1,28.49961208535082,4,1
44,0,18.791522386055764,8,0
53,0,32.74046246048274,2,0
24,1,8.261930792080728,5,0
60,1,3.2681357712538244,10,1
3,0,42.73980410667821,8,0
20,1,28.240911800616992,6,1
46,1,32.48985415450732,4,1
15,0,15.431388312403747,5,0
25,0,18.660552391111217,2,0
94,0,4.210135612933488,5,1
78,0,42.863710571308495,3,1
71,0,29.66272855893885,3,1
17,1,4.2730203926790375,7,0
84,0,40.24602702627753,3,1
9,0,22.261356938897027,4,0
38,1,38.27855737348366,7,1
48,1,0.7297311182484854,3,1
60,0,1.53411087890892,10,0
63,0,8.622069643229018,10,1
86,0,10.624736151419922,2,0
2,0,38.22138096247588,10,0
88,0,35.364038784428246,7,1
72,0,30.842797144578427,5,1
11,1,44.25445893451861,1,1
64,0,12.432724304452677,10,1
77,0,45.22980470483197,8,1
81,0,45.4826063563326,3,1
72,0,21.76956203332451,7,1
21,0,4.8098714009664265,6,0
18,1,36.355339418657294,10,1
94,0,16.91274076508925,6,1
64,0,39.766982920092865,8,1
82,0,8.268145166799776,4,0
95,0,27.02180416736083,4,1
38,0,25.452879142878725,3,0
32,0,5.105693079423713,1,0
11,0,18.23030800106566,10,0
45,0,4.329290140991729,3,0
89,0,23.290541444661148,1,1
33,0,42.160937474828266,6,1
41,0,13.58321768887617,8,0
8,0,38.26661316065313,3,0
11,0,9.25302803906157,4,0
86,0,33.71937288178351,5,1
51,0,45.785316256529434,7,1
88,0,16.264011270131913,6,1
41,0,45.03054074062205,2,0
17,1,25.320504233667084,7,1
76,0,15.90857614496631,8,1
46,0,44.83576093206542,1,0
32,0,1.6986596118094361,6,0
79,1,1.4981406785132416,9,1
80,0,30.031497249896013,7,1
54,0,39.85786079477869,5,1
86,1,37.602160741161505,10,1
92,1,4.065528217245115,10,1
20,0,47.51753455732453,9,1
33,0,35.182870528112026,2,0
74,1,47.46069148101417,7,1
40,0,16.521978172807696,9,0
32,0,34.72756248634259,2,0
97,0,43.01094346200092,10,1
2,0,19.085164735399236,6,0
97,0,48.24650994655165,9,1
33,0,13.323140281904994,3,0
77,1,15.84911993845891,8,1
30,0,46.02439597368923,5,1
33,0,48.48602135048489,7,1
77,0,14.33126784042697,3,0
26,1,6.905862978178636,8,1
22,0,37.97686494455882,2,0
66,0,46.490296788392364,8,1
38,0,30.075610820723544,2,0
90,0,31.762495824871714,7,1
46,1,38.17087237519778,2,1
15,0,7.738932460186271,7,0
98,0,48.67609793508749,1,1
44,0,18.28003629795688,6,0
49,0,31.449197254518904,10,1
75,0,23.483939422949643,7,1
61,0,23.462230890265765,4,0
67,0,35.1669441687741,1,1
6,0,49.73364871372549,6,0
9,0,32.98708653974798,4,0
6,0,39.723550665479486,3,0
73,0,1.4780412573872792,4,0
95,0,40.54032571633443,6,1
32,0,15.068796500238028,5,0
41,0,6.4224220672297765,2,0
76,1,5.755370863840521,2,1
8,0,34.02575322706437,3,0
72,0,49.88108011842344,6,1
50,1,33.3431354088077,1,1
92,1,13.191172688332106,7,1
62,1,10.24496795304669,8,1
84,0,26.34525925347523,7,1
62,0,3.3454610376000944,3,0
7,0,20.02660856306664,6,0
75,0,33.345121709888794,4,1
84,0,48.38634756284336,5,1
80,1,21.3401070459987,3,1
4,0,10.0911746263246,5,0
6,0,40.88638392830194,6,0
58,1,37.235556290544764,8,1
22,0,42.999224021416715,6,0
26,0,10.814464504390315,9,0
3,0,20.30112657290677,10,0
41,0,49.07956644237957,10,1
60,0,7.986311756841038,10,1
14,1,33.605395875856345,10,1
75,1,11.935504631208474,4,1
82,1,25.05793441349896,2,1
12,0,40.04543132520483,9,0
87,1,24.48044402253537,3,1
12,0,40.293536496264316,7,0
13,0,21.37411178147326,4,0
25,0,49.96771120051464,1,0
45,0,21.847828887588484,8,0
19,0,7.5540359840275375,4,0
55,0,20.15328883089752,6,0
45,0,37.15539991364729,7,1
8,0,42.412094112155565,8,0
93,0,23.05915462889549,10,1
53,0,29.76439436881614,2,0
55,0,42.260014384531885,9,1
32,0,40.69595438191616,10,1
51,0,32.92042287752053,3,0
44,0,40.76985250211766,1,0
82,0,28.837946842594988,2,1
70,0,0.33194362937150385,8,0
18,1,2.1592125416709376,10,1
83,0,48.992439121985335,6,1
22,0,7.335102895934989,1,0
37,0,20.28536880029079,9,0
96,0,46.6971826229974,7,1
56,0,9.832470288179167,10,1
59,0,42.20518808887839,3,1
3,0,40.931551651163566,7,0
28,1,49.31784976211185,6,1
74,0,14.155923499043599,3,0
35,0,15.834735233469281,8,0
61,1,45.153612252783546,1,1
93,0,11.78054505419375,5,1
54,1,27.44025775365674,8,1
63,0,35.3965134636337,3,1
79,0,13.667023838617995,10,1
97,1,46.92680597769347,6,1
7,1,33.31830764888863,10,1
76,1,2.4522514826642694,2,1
49,0,6.873302809919604,9,0
94,1,9.620000347569023,2,1
85,1,12.32337246327314,5,1
31,0,36.56080076446888,3,0
58,0,4.537868713297858,10,1
61,0,17.594674146579113,9,1
24,1,45.578027834067285,9,1
20,0,27.877717548216502,7,0
37,0,13.348278535542931,10,0
4,0,47.85710919436746,5,0
92,0,12.291363009237251,9,1
20,0,45.264471101255374,7,0
60,0,36.315906713366324,2,1
24,1,37.05199974424343,10,1
50,0,38.270471988240644,1,0
49,0,25.37780867165474,10,1
51,0,40.747478427533174,10,1
96,0,41.82603557784927,4,1
36,0,18.08828741163824,10,0
98,0,20.077191458997127,8,1
66,0,44.44896025509739,6,1
79,1,26.28399009543326,2,1
34,0,43.36048044749926,5,1
36,0,31.375796141714588,9,1
6,0,29.719031061777216,6,0
39,0,1.6459495685653078,6,0
42,1,13.966930452253413,7,1
58,0,25.152676580425677,5,1
12,0,29.407126889521574,3,0
3,0,31.558682997136636,3,0
18,0,35.839518968079695,5,0
40,0,32.84604827145223,4,0
21,0,42.443977699050436,5,0
15,0,14.843970110086918,9,0
97,0,32.11434228472803,5,1
99,0,2.6528597583939377,4,1
26,1,24.061484858369194,4,1
8,0,13.474845000999435,1,0
94,0,19.106268699905335,10,1
87,0,17.79767131307146,4,1
42,0,3.1154907899166226,4,0
44,0,23.38562545749364,9,1
14,0,49.73200147077851,4,0
78,0,15.016909236140531,7,1
2,0,36.83368398624571,1,0
37,0,27.43463791252974,7,0
69,0,16.328742496520537,2,0
38,1,4.571392313581816,8,1
41,0,10.871309248184097,1,0
62,0,39.11449162056317,10,1
60,0,14.023106853190404,3,0
14,0,7.300693872351473,8,0
89,0,16.631787188987587,10,1
84,0,29.24374331616174,8,1
2,1,35.202811898070955,5,1
70,1,19.429505364782045,5,1
17,0,24.957543138209616,8,0
89,0,22.800342932469732,10,1
28,0,0.5492671611790015,5,0
66,0,19.84046369530683,9,1
35,0,29.407258527586894,1,0
5,0,28.540241349146477,5,0
65,0,37.513401160878914,3,1
40,0,33.551757930723404,3,0
76,0,13.91265917609607,2,0
56,1,12.856619210792234,3,1
36,0,23.260675723365363,7,0
45,1,36.67518641931058,8,1
23,0,4.7819825981406225,8,0
47,0,47.4214964935045,8,1
31,0,27.20334087295094,1,0
11,0,15.389778907181684,7,0
10,1,34.70022242098315,2,1
67,0,2.3318182305307795,10,1
14,1,24.27140609757484,4,1
80,0,24.34988540844407,5,1
74,1,8.18256671697658,1,1
93,0,41.88565201549997,4,1
10,0,39.86092472214468,4,0
76,0,7.721346483240079,9,1
94,0,18.25498194881254,9,1
1,0,5.111434875881307,10,0
5,0,42.44557696627592,1,0
20,1,16.233673177057177,8,1
8,0,22.021883762096873,4,0
43,1,16.261210306026268,4,1
76,1,15.570298221601053,5,1
1,0,37.390382462054596,2,0
57,1,37.403555085573174,1,1
64,0,25.937629706980417,5,1
84,1,32.91508577138308,7,1
28,0,25.631993548162036,10,0
37,0,1.5266015759917801,9,0
47,0,3.393721013183631,2,0
76,0,19.248654418690283,8,1
37,0,37.512343295556875,7,1
49,0,45.66998878390381,2,1
44,0,1.5824444368029555,5,0
56,1,18.46469962907167,7,1
28,0,11.266743562208903,3,0
79,0,40.77874353015655,2,1
6,0,42.31381041826659,6,0
61,0,10.399802497825572,10,1
20,1,35.57027994640012,6,1
78,0,36.614626261341286,4,1
2,0,8.935179069450259,1,0
73,0,21.741426258710963,5,1
37,0,31.054856491645598,1,0
20,1,1.400723685936684,8,0
26,0,20.28913246898955,2,0
29,1,7.832415824086271,9,1
1,0,27.140635405932276,9,0
35,1,42.16158741470164,3,1
70,0,26.28522153743926,6,1
59,1,1.89558145081333,9,1
69,1,1.5798965552798794,7,1
33,1,30.314606980617054,4,1
51,0,16.466279770428066,3,0
78,0,28.67605852324744,2,1
12,0,8.26549173490778,10,0
20,0,38.86543140652198,10,1
53,0,43.049913316105034,1,0
88,0,44.47235754403619,10,1
43,0,15.273321982684429,1,0
98,0,33.07069484447411,4,1
89,0,14.024215117799983,4,1
50,0,38.16156535849777,9,1
29,0,6.114197611093545,10,0
57,0,38.16196407494595,1,0
39,0,22.042459019410387,4,0
95,0,42.79191957273285,3,1
56,1,36.97264991330871,9,1
43,1,18.8883300707546,5,1
50,1,45.186605349486584,9,1
23,1,14.238523249837986,10,1
44,0,48.352732708652574,6,1
38,0,38.38344885938865,9,1
84,0,49.53467507843234,1,1
23,0,2.7898403582840294,4,0
45,0,13.774398689268827,4,0
52,0,37.08908640007222,10,1
80,0,46.12026009239373,10,1
50,0,1.5356637742607024,6,0
8,0,0.10046386918167875,10,0
85,0,12.886507199886761,1,0
1,0,42.653655963914915,10,0
8,0,38.380939796946926,5,0
29,0,17.079845362225967,3,0
96,0,0.20036209083724382,1,0
5,1,27.779816473590987,6,1
86,0,11.973978025402447,3,1
47,0,37.3058855321422,4,1
34,0,22.37284825269304,9,0
65,0,33.96223596007859,2,1
55,0,42.63021061142568,1,1
90,0,26.834413995973314,10,1
43,0,16.86418148234179,6,0
74,1,38.500222946160925,1,1
30,1,13.332843264581774,1,0
82,0,44.58678892371106,7,1
17,0,3.6642395719734955,2,0
26,0,41.78988519131638,4,0
8,0,4.668630790820458,4,0
47,0,2.9012353224498053,2,0
76,1,18.22652117367323,6,1
91,0,47.83181278829392,10,1
72,1,49.17595410416095,2,1
89,0,10.183317998211349,8,1
46,0,7.5170140275371,4,0
68,0,17.7123712445834,1,0
33,1,16.92063335996558,7,1
1,1,38.00368484862493,6,1
19,0,22.255551135261637,6,0
31,0,39.01619092815221,3,0
80,0,37.46078354154979,10,1
14,1,28.957690463283573,7,1
53,1,41.69225377710859,6,1
48,0,9.862822552980084,10,0
69,0,8.174343733459613,10,1
90,0,37.55744789928314,9,1
62,0,12.315373401549245,3,0
92,0,0.23943975263719455,3,0
66,0,45.60681241536245,4,1
64,1,31.18455919584984,3,1
70,0,22.30239113059624,4,1
63,1,36.31425184945099,6,1
73,0,16.733253482452763,1,0
33,0,47.687936249061345,2,0
41,0,3.524152418475804,10,0
89,0,32.08331471405181,6,1
48,0,38.886745194777546,6,1
13,0,23.50938280388612,1,0
73,0,37.77292091779519,6,1
77,0,46.35282885414061,9,1
31,0,37.225295643896295,8,1
75,0,15.537406670101925,10,1
68,0,28.136134098488206,5,1
98,0,45.5890155411952,4,1
4,0,22.509976501576386,6,0
19,0,34.116754896294175,5,0
70,1,23.32918478393074,6,1
98,0,6.155073431324071,10,1
82,0,3.0240220302261327,3,0
13,0,47.61847058547149,7,0
23,0,30.665834493712673,8,0
83,1,5.28036416481233,5,1
75,0,42.88618406764492,5,1
1,0,26.182387511889583,4,0
88,0,38.619412400769676,10,1
54,0,6.425134161708211,5,0
71,0,45.35483054829635,10,1
89,0,29.567718440133078,8,1
85,0,36.93920796937715,5,1
15,1,1.6658464320409638,9,0
65,0,15.833714519930256,1,0
76,0,13.445526178331043,7,1
71,0,47.484790264864756,5,1
15,0,9.34839458712877,4,0
21,0,35.38188116303322,3,0
19,0,2.233401533689722,10,0
60,0,9.964435876142504,7,0
93,1,16.996007977292205,2,1
89,1,39.745841808949606,5,1
33,0,39.51983134508384,2,0
49,0,47.634832900983774,7,1
96,0,45.84669838307755,6,1
35,0,4.167578292746315,10,0
44,0,41.510399335020324,7,1
90,0,22.613561619046838,9,1
11,0,43.307715927413696,2,0
99,0,4.555383951403415,9,1
72,0,41.15617816521605,7,1
78,1,8.066161698138638,2,1
74,0,16.758697340460177,10,1
66,0,1.5395351744720813,2,0
46,0,6.274031600538213,4,0
9,0,22.341721682077896,2,0
3,0,40.93508294816007,1,0
85,0,38.70612159111598,6,1
26,0,11.841358312638029,10,0
72,0,7.66935340855712,5,0
48,0,19.524246802790326,3,0
66,1,44.17509052592295,1,1
70,0,4.662111200733857,9,1
28,0,27.191409116183078,8,0
93,0,4.5314932222117905,6,1
26,0,23.563584846095523,6,0
25,0,6.426896456833015,4,0
12,0,4.1088130564683025,2,0
5,0,9.623381719872878,4,0
98,0,12.837275366501432,2,1
48,0,13.885642418658096,7,0
37,0,32.298870567641906,9,1
79,0,2.843595593581775,2,0
44,0,4.13237208927767,9,0
15,0,9.516437457815428,9,0
43,0,43.615947152152955,8,1
48,0,31.467385810555317,1,0
87,0,36.545445993478985,5,1
70,0,18.581071562327192,10,1
46,0,10.739695418593042,4,0
43,0,1.994271912049349,7,0
21,0,24.477927436597422,8,0
23,0,28.756620114942915,10,0
80,0,44.860439439447816,8,1
47,0,44.1164396395748,2,0
15,0,21.291789407765524,3,0
25,0,21.23653865727276,10,0
36,0,8.1400325461201,10,0
75,0,12.946704493345283,7,1
51,0,46.29061245841248,4,1
15,0,7.137696945666586,6,0
68,0,48.438107382508214,8,1
21,0,25.286453655738303,8,0
13,1,22.88467806086487,7,1
86,0,8.814455196249089,2,0
19,0,33.11090839907579,2,0
34,0,23.04629136627617,3,0
78,0,18.59608708886974,4,1
68,0,13.299359307406068,1,0
52,1,3.4176914704421115,5,1
27,0,26.014473015899682,7,0
29,0,15.714125819625973,10,0
28,0,35.42247362983833,5,0
35,0,36.203765601782706,7,1
8,0,16.672139875736043,5,0
16,0,33.48912210998137,10,0
36,0,13.007894489946764,8,0
30,0,36.38596893948343,7,0
18,0,0.9022495627065774,1,0
2,0,7.665277472567107,1,0
49,0,12.325932229181065,5,0
77,0,38.669480800626665,2,1
4,0,3.4121750289119857,9,0
90,0,9.484051471404994,2,0
89,0,17.995342864709187,9,1
94,0,0.5578322082302538,10,1
75,0,38.129836671182986,2,1
7,0,28.049246968639515,4,0
95,1,45.04390141229886,3,1
74,0,1.6484485239927773,6,0
39,0,13.64239511993938,4,0
13,0,36.58945770609144,9,0
31,0,33.789956030503824,9,1
71,0,12.228566286174924,10,1
63,1,29.824817974906303,9,1
56,0,39.70850689007691,3,1
42,1,1.7656970963972753,3,0
61,0,35.9096570037838,4,1
42,0,12.67964354918738,9,0
56,0,47.397779297853205,6,1
36,0,26.957189045919307,9,1
84,0,1.7659705133009282,8,1
68,1,20.231187877249507,7,1
7,0,48.31896172515234,5,0
54,1,36.54561236288626,9,1
1,0,15.093902283954462,4,0
44,1,28.805837986261928,4,1
45,0,29.99515764541785,8,1
47,0,1.2650732230821904,4,0
13,0,9.023784726336178,7,0
22,0,27.63366922178017,4,0
21,0,20.197352668685383,1,0
86,0,9.582886944556021,10,1
92,0,38.65616986972208,9,1
9,1,24.500844545870255,4,0
26,0,15.567659804105771,3,0
9,0,8.167699586145721,3,0
15,0,30.59705180330238,9,0
10,1,33.346439002802406,8,1
88,0,33.51290110719705,10,1
42,1,11.092339278406268,7,1
72,1,29.80738652039537,7,1
24,1,45.27978259643553,4,1
80,1,17.724061278073076,3,1
49,0,10.61726993882802,4,0
26,0,38.63026084943602,6,0
91,0,8.926458713956624,4,1
37,0,12.762061147705106,4,0
68,0,5.122155276166928,2,0
50,0,13.466928372125995,7,0
24,0,20.575719804127424,6,0
19,0,3.3014773109552564,2,0
60,0,43.5982746537753,5,1
39,1,25.732372131612614,6,1
74,0,29.44637123123767,5,1
89,0,18.627159246029375,4,1
18,0,33.5247779547402,9,0
19,0,21.645908618966434,3,0
36,1,38.089557349508326,2,1
74,0,41.08796696141882,9,1
97,0,33.62527068313749,8,1
55,0,24.617647396794105,9,1
69,0,39.135240595051165,10,1
47,0,24.76483703910197,3,0
49,0,5.664344228041481,1,0
99,0,5.9053771398808985,1,0
98,1,47.43429866768676,3,1
33,0,10.756794122048017,4,0
21,0,40.81465705199662,2,0
81,0,12.410599823023924,8,1
22,0,21.595926683455136,3,0
48,0,32.78191079369739,4,0
37,0,8.027471927505616,6,0
15,1,36.88859976935749,10,1
35,0,34.52665733057126,6,0
92,1,27.19983616637857,2,1
71,0,28.337898826517378,6,1
32,1,5.37801249672736,4,0
11,0,21.853862606712603,5,0
10,0,4.419912628345466,7,0
73,0,15.462378222572179,7,1
78,1,45.02557584042261,6,1
77,1,28.769216687684125,10,1
57,0,37.16090156381881,6,1
25,0,28.736904782057028,6,0
2,0,9.792414224531788,4,0
64,0,29.780934957416584,3,1
35,0,37.793865057545695,1,0
7,1,7.006409643064672,3,0
85,0,40.86364483371978,3,1
18,0,27.814069731016964,9,0
67,0,0.3133325882221869,3,0
42,0,26.03694646826505,8,1
39,0,19.8440074576278,8,0
41,0,14.892680913370379,3,0
75,0,38.585735273901975,10,1
24,0,44.98504419457666,10,1
60,0,38.156389158321,6,1
46,0,42.35395182138458,8,1
19,0,45.44816906623754,8,1
68,0,45.64020263768624,10,1
90,1,5.820443335538196,10,1
42,0,22.87363589546936,9,1
32,0,0.1142950722062238,9,0
39,1,25.37248297671326,8,1
36,0,46.21977232375516,7,1
97,0,10.035204290868853,10,1
36,1,32.025352775452326,3,1
3,1,32.254514416252896,7,1
73,0,8.10166383591987,4,0
8,0,12.00251922194127,2,0
97,0,23.15488701961603,8,1
70,0,9.491647885071837,2,0
41,0,29.291199528373003,1,0
68,0,24.278632378011228,5,1
13,1,26.007989107767422,10,1
49,0,6.809930885745705,9,0
60,0,25.91086608938831,5,1
2,0,2.5689617336015513,2,0
60,0,44.088611370782914,10,1
5,0,17.22815957119906,4,0
44,0,42.8312325093018,8,1
27,0,35.112652800367705,7,0
32,0,38.33201220592933,5,0
21,1,15.795770277492243,4,0
8,0,11.464422597719352,5,0
72,1,20.39635363667163,7,1
50,0,1.308870534398687,5,0
67,0,45.94590827573064,8,1
44,0,19.412011871709616,7,0
58,0,49.42897458169389,7,1
3,0,38.0963260982899,9,0
86,0,4.117698988985592,8,1
70,0,33.04339506434454,8,1
2,0,13.61487432541396,6,0
87,0,12.261560414510868,7,1
44,0,12.902477228170321,8,0
2,0,45.81214492977157,5,0
81,0,25.04901078596161,10,1
35,0,33.50659785069913,2,0
98,0,14.119296507405062,7,1
87,0,26.195427313737397,10,1
30,0,17.56999689673837,3,0
8,0,16.1248381157804,10,0
22,0,12.42374551371359,8,0
44,0,20.509444234820688,6,0
58,0,33.03550252043814,4,1
36,1,11.179984425748739,2,0
69,0,48.275654945179774,7,1
77,0,6.318122655536966,1,0
93,0,24.062339665299675,7,1
31,0,4.342907996131935,10,0
47,0,1.230999521343598,10,0
55,0,46.141598252948334,7,1
80,0,40.53820121813664,10,1
62,0,34.73835311896536,3,1
30,1,43.273021576182245,4,1
55,0,40.16213630618946,4,1
16,0,32.39716227722097,4,0
12,0,42.382382055841624,9,0
17,0,19.60094761765925,6,0
16,0,27.682316478432792,10,0
12,0,38.83790158363442,9,0
8,0,4.331421010692697,4,0
84,1,42.94640881140795,7,1
3,0,7.92583973926059,10,0
16,0,43.240608519587205,9,1
30,0,15.635510294483057,10,0
23,0,16.406464013864003,3,0
92,0,3.7900396244980934,3,0
5,0,44.3063912323979,6,0
84,1,8.80806907930439,8,1
65,0,31.539490111647062,1,0
30,0,32.233983202750764,4,0
21,1,14.12946002039083,8,1
84,0,49.28448177709454,6,1
70,0,3.3018942837431373,2,0
22,0,30.432813348476767,8,0
82,0,24.02924198011374,1,1
72,0,12.349656946649004,1,0
32,0,8.261230395015026,7,0
33,0,36.880509472133426,10,1
16,0,45.8241122366112,3,0
76,0,5.466558471540647,8,1
38,0,9.779612584089673,9,0
98,1,49.314860390048715,8,1
14,0,0.8496314444699437,1,0
36,1,25.461773285680874,1,1
97,0,25.854031219082533,6,1
23,0,13.231760104774114,1,0
66,0,33.185141134138675,8,1
85,0,47.25255123070798,6,1
2,0,22.5656751547332,5,0
91,0,37.496033319519405,6,1
73,0,32.33890593764576,4,1
65,0,23.699798990731573,1,0
75,0,2.5856337601799133,7,1
67,0,37.11331526736804,10,1
52,0,18.226247211361002,9,1
62,0,11.302284951280804,4,0
23,1,47.41860562442971,4,1
26,0,38.69778820040339,9,1
68,0,48.11720721567913,4,1
82,0,12.885224915062944,10,1
55,0,41.806087046136575,4,1
6,0,30.425298072672263,8,0
35,0,49.07703409623066,4,1
22,0,47.3212155861215,9,1
43,0,48.65110544264085,8,1
15,1,47.5932041551631,5,1
86,1,0.48227725783290554,9,1
60,0,37.0801619665194,8,1
12,0,13.669534604361123,10,0
49,1,35.28085206807115,4,1
42,1,49.032498942570044,4,1
38,0,2.0640335958680653,1,0
82,0,28.39269283872359,4,1
45,1,36.77416259002679,8,1
35,0,12.742603232518864,5,0
30,0,11.333584659650407,6,0
88,0,3.111240719553862,4,0
30,1,4.786600872686972,5,0
78,1,32.87182055133324,10,1
6,0,25.31000988969435,8,0
67,0,1.6006041513491023,9,1
80,0,48.486121761763016,3,1
7,1,32.83668888749137,10,1
52,0,25.821881593898816,4,0
14,1,13.708939407658523,1,0
73,0,32.93913435189441,5,1
15,1,18.271976357847368,4,0
21,0,35.15445871685823,6,0
35,0,34.160338823307534,6,0
66,0,4.727915376694053,10,1
91,0,45.47210934471848,6,1
2,1,24.400015154923896,3,0
35,0,19.70795245443104,7,0
82,0,47.77756096707605,3,1
78,0,21.96664312744946,6,1
20,1,36.088923753462915,10,1
82,0,32.791310214766824,1,1
10,0,8.340490894344525,8,0
25,0,49.55802440978253,7,1
66,0,23.233855682315244,9,1
25,0,19.799650363623694,3,0
54,0,45.98871328838619,8,1
33,0,26.508992995197794,2,0
36,1,35.283340400272685,9,1
95,1,42.32767775837434,1,1
14,0,11.851170346653465,10,0
65,0,8.556382601207021,7,0
80,0,3.5184895989911977,10,1
54,0,44.86695163237866,1,1
52,0,10.09831802768312,6,0
3,1,15.456926798813255,1,0
99,0,14.361765611339658,4,1
41,0,15.298940577367505,7,0
6,1,33.43625022875305,2,0
25,1,47.71026658115286,3,1
13,0,16.53972645428127,4,0
98,0,20.44159301746897,6,1
8,0,38.580234507019696,9,0
21,0,21.673663414965528,4,0
98,0,46.30953411950977,6,1
68,0,25.210580732186305,7,1
25,0,17.45196930260441,4,0
79,1,48.58146693834006,6,1
68,0,21.34651561560258,3,0
45,0,11.635626072283324,5,0
60,0,8.967270657997693,10,1
12,0,49.75954815883345,4,0
32,0,37.67408588712957,7,1
96,1,20.49212389301352,6,1
92,0,41.335530808324286,7,1
13,0,27.385625862772805,6,0
31,0,15.937739724300295,2,0
78,0,37.19495185592437,7,1
20,0,37.320147470269276,8,0
18,0,25.058444536288334,7,0
93,0,2.353401183739269,4,1
60,0,3.943422080026014,4,0
63,0,39.45859900216343,5,1
6,0,41.19147116181184,9,0
32,1,33.946658454001394,5,1
93,1,41.96952191334238,2,1
43,1,36.00242477084484,5,1
2,0,44.85703756339491,3,0
60,0,7.604873803402687,10,1
23,0,19.44830226351099,8,0
83,1,23.25912861515188,10,1
31,0,14.953423358434858,10,0
5,0,36.29578576265726,2,0
83,0,45.6306967531881,4,1
34,0,20.68286174353689,5,0
10,0,47.08294403343853,4,0
89,0,25.886768466488427,5,1
2,0,26.17352977812095,10,0
11,0,30.05095507982005,4,0
50,0,13.489720149454335,3,0
31,0,19.229689904838345,1,0
56,1,27.706548898986185,4,1
79,0,47.10494599010576,9,1
73,0,32.1703596649154,1,1
87,0,16.722516238646605,7,1
83,0,0.6223818084934816,3,0
9,0,49.085115931502294,8,0
99,0,24.699929435137935,6,1
21,0,46.930908400705476,1,0
73,0,27.512327168369136,10,1
28,1,30.312696525092207,5,1
62,0,35.62442156960821,8,1
7,0,16.11668910985384,3,0
80,0,34.97929963768422,4,1
16,1,26.386916301584048,7,1
97,0,33.65674948416709,6,1
4,0,41.808079719401015,7,0
4,0,9.293033600571999,9,0
40,0,30.71619042575441,9,1
17,0,2.7003552976308454,2,0
52,0,5.195542938556939,3,0
93,0,33.76225236320579,4,1
52,0,3.639788825235141,6,0
36,1,29.808353212717297,5,1
38,0,11.078628672704133,6,0
50,0,15.273832942736226,8,0
63,0,6.568861457156577,2,0
63,0,12.50850756002468,6,0
62,0,41.082460062484465,9,1
99,0,31.980032439765726,5,1
7,0,47.49301375617145,1,0
27,0,2.5323682821523885,8,0
92,0,39.64135865948502,4,1
86,0,34.983951445643285,8,1
14,0,13.118526029357048,4,0
71,0,36.48541847024816,8,1
86,0,35.85577264073955,9,1
5,0,23.021325632631317,5,0
55,0,34.46311698080007,5,1
2,1,22.284587060451756,2,0
62,0,16.84372524328782,9,1
91,0,23.377898920812118,4,1
21,0,44.76696112649029,3,0
79,0,19.290731263724886,2,1
21,0,20.244040055087527,3,0
10,0,30.459321058340308,4,0
87,0,37.674673824137706,9,1
58,1,36.75758092952671,6,1
39,0,1.0879566328960466,10,0
5,0,34.402025117640775,5,0
65,1,22.58264700013645,9,1
13,1,26.25208938096743,8,1
85,0,28.127000513454664,6,1
90,0,36.61280889370244,3,1
85,1,41.58351588205482,7,1
53,0,32.34842113714858,10,1
82,0,28.23897031821946,6,1
45,1,18.75108581515382,8,1
32,0,6.980123139674181,6,0
36,0,47.93302631407872,10,1
81,0,23.14593038703285,4,1
99,0,28.353991000419924,10,1
60,1,37.57854965787722,7,1
11,0,3.513683200493475,7,0
63,1,42.7650493492862,8,1
21,0,39.87158459278613,2,0
52,0,38.74398623730107,6,1
55,0,1.1969370660469785,3,0
26,0,26.37329068537967,8,0
68,1,2.8079916995485985,4,1
34,0,27.588541684479832,4,0
52,0,35.95057148015057,2,0
82,0,6.180327487895301,6,1
99,0,34.774666963316704,6,1
93,0,22.531689014666828,1,1
52,0,40.59649124082322,8,1
29,0,26.726088075077023,3,0
38,0,16.872464638148973,1,0
42,0,16.66637901484306,10,1
21,0,44.88457734837844,1,0
42,0,22.698292070798104,1,0
13,0,20.347119469103408,5,0
64,0,2.0896937526659873,5,0
17,0,18.279797795258542,1,0
9,0,42.4963900417268,5,0
41,1,38.073284060977194,7,1
1,0,11.123568819550327,5,0
2,0,20.71152549835381,9,0
60,0,9.909325836479267,4,0
48,0,47.71541916005187,9,1
29,0,29.94608213892323,8,0
97,0,37.74230414817258,1,1
10,0,35.719051618871276,4,0
58,0,43.69709923316517,7,1
60,0,47.47145614941842,1,1
21,0,1.7190640714086503,8,0
28,0,48.76752887700762,2,0
75,0,43.54006890898339,8,1
34,0,19.209075694035008,4,0
8,0,41.86975520359782,8,0
59,0,36.85424331831438,1,0
86,0,39.67640739681562,5,1
72,0,11.11248253866886,9,1
49,1,32.4633287265897,7,1
79,0,1.393702125534612,3,0
17,0,42.42663371438716,4,0
60,0,47.55704432654188,10,1
87,0,33.139959687700866,7,1
88,0,25.682215693482505,6,1
45,0,36.31398135921725,4,0
83,0,16.385428282408387,3,1
69,1,31.356751011045645,2,1
32,0,35.976749671391566,10,1
44,0,7.219770995911259,9,0
65,1,7.089393474279959,3,1
87,0,35.83529506794391,7,1
8,1,21.64594645885825,1,0
77,0,44.47115477319891,8,1
72,0,15.665750219626197,1,0
87,1,2.2172937887073627,2,1
43,0,32.52881385865283,1,0
1,0,34.24353740746877,4,0
51,0,27.724221288037644,2,0
24,0,34.19829902016044,1,0
99,0,26.235341789272308,1,1
24,0,34.66237752334238,2,0
17,0,2.2924765871042063,6,0
5,0,18.483028774028973,2,0
20,0,10.619764205888861,2,0
21,1,5.056374316720202,8,1
58,0,11.781222544686987,5,0
31,0,9.646399839786229,8,0
11,0,48.6592562792437,8,0
52,0,14.39864129415129,2,0
15,0,11.624852610343257,7,0
83,0,41.76023786282274,9,1
7,1,21.013899241715066,8,1
28,1,21.131125877620526,9,1
51,0,22.235164272369573,8,1
58,0,20.88507185541867,4,0
5,1,16.395616202446533,10,1
5,1,14.388338183484011,7,0
94,0,44.10978785662351,9,1
96,1,8.169196572154274,9,1
8,1,9.135011410854668,4,0
64,1,28.628783111209614,7,1
10,1,17.24856312517048,6,0
38,0,21.134315305866657,3,0
96,0,40.34667573374508,10,1
92,0,45.191189912817556,6,1
81,0,39.5486286098717,8,1
95,0,11.822920338208503,2,1
8,1,49.000567351491604,3,1
25,0,18.222507390723184,8,0
73,0,8.536446352114188,4,0
66,0,25.0248856028552,4,1
79,0,36.291759904783866,2,1
50,0,4.255216977272894,10,0
67,0,31.750917039590284,1,0
49,0,42.91808837898716,7,1
36,0,13.162895986335174,4,0
68,0,34.6868482876177,6,1
78,0,20.055440635025988,8,1
41,0,20.765343642665126,7,0
89,0,14.112620157324749,7,1
62,0,31.257250442350777,6,1
10,0,18.113862726204715,4,0
21,0,41.56205987273276,4,0
36,0,48.14898061017159,9,1
12,1,46.76087523404213,5,1
91,0,8.240105812350128,9,1
2,0,0.808095969738051,9,0
13,0,21.979570221995672,4,0
53,0,36.471297012842115,2,0
32,0,48.87501788991455,2,0
95,1,39.192772848448065,9,1
16,0,29.06941116116529,9,0
32,0,1.4150103202544146,3,0
32,0,41.29448050621699,5,0
98,1,8.939537193067633,5,1
11,0,2.8747650579208415,2,0
10,0,42.53290648297779,2,0
15,0,28.355918306813148,10,0
17,0,6.514724733236422,1,0
40,1,19.38847889238665,2,1
18,0,4.3685291945556095,7,0
55,0,31.93673926569732,1,0
73,1,14.193120590499472,1,1
25,1,43.3180971551322,9,1
59,0,17.95402183810263,2,0
78,1,24.782229764693895,4,1
89,0,3.269817535548159,3,0
22,0,13.852071570534093,4,0
30,1,33.87068685736081,7,1
84,0,36.839512112104245,10,1
85,0,12.216810565060559,2,0
44,0,25.240622926163322,2,0
32,0,40.89480214970481,9,1
51,0,19.057517028388812,6,0
46,0,6.775186241103782,7,0
21,0,21.65033244166222,5,0
99,0,30.071370405058357,5,1
32,0,0.46918655679973786,4,0
94,1,17.493518583368374,8,1
39,0,30.41104746266872,7,0
12,0,47.60040630722905,10,1
47,0,20.48658175053567,2,0
18,0,8.232316047418383,2,0
21,1,26.75753298854598,6,1
13,0,14.35904281887405,1,0
21,0,10.817492025807718,7,0
8,0,29.561122625500296,8,0
46,0,45.802588363386654,10,1
7,0,41.777687796530365,8,0
23,1,9.196397689567714,3,0
96,0,38.31738497165783,7,1
75,0,11.570444855231125,1,0
86,0,14.605992908591638,3,1
22,0,46.01057019348609,6,0
89,0,45.56140252061718,9,1
22,0,8.514675150803601,5,0
92,0,3.303173610581723,5,1
29,0,14.726593351523743,9,0
13,0,29.13057548291065,9,0
82,0,43.85689472303468,6,1
2,0,6.029985706134506,5,0
29,0,20.80642925990573,10,0
85,1,13.660314357354228,2,1
79,1,0.8449554650772815,8,1
52,0,39.44346841357062,8,1
27,0,40.68288223706709,7,1
50,0,11.139330182588289,8,0
95,0,7.646888477014363,3,1
79,1,7.313586595747639,3,1
23,0,23.250964769237942,2,0
88,0,12.400129813044913,1,0
44,0,25.6166465601762,3,0
77,0,19.304101683876805,3,1
22,0,10.623426214559464,7,0
43,1,37.584470298909984,10,1
37,0,7.603158127757555,9,0
61,0,39.96522550953981,1,1
97,0,28.116174546145583,8,1
56,1,41.61865341955456,1,1
3,0,0.3374760994882604,3,0
63,0,37.4845070998706,4,1
19,0,2.6706281032306545,8,0
23,1,47.50992607998725,1,1
29,1,35.1667004706877,2,1
30,0,16.076597302005762,5,0
39,0,16.060539593002908,6,0
25,0,43.088469747959394,5,0
8,0,45.151722409787666,3,0
58,0,44.58950672383332,10,1
16,0,40.456140599059744,7,0
72,0,40.96969783973501,1,1
1,0,28.68111835359022,2,0
5,0,1.5087295421585,9,0
3,0,4.429986774743846,4,0
65,0,32.51270714536938,8,1
4,0,20.118141500318647,9,0
99,0,28.40875057899515,7,1
96,0,11.630773368844222,1,1
64,1,32.505916964795276,5,1
98,0,12.2171942552477,6,1
89,0,23.094558618970165,8,1
10,0,23.988122989599983,10,0
21,0,8.965644668974043,8,0
46,0,43.82276554674322,9,1
91,0,26.33847070802869,9,1
27,0,43.35251051912346,4,0
66,0,13.200531205246609,6,1
41,0,8.699563678860214,3,0
13,0,0.9990307162444703,1,0
9,0,4.783846520352712,6,0
36,0,7.458783183841933,1,0
86,1,4.03489256266068,9,1
90,0,44.85427682759516,6,1
58,0,45.58077156629402,1,1
54,0,46.87439734652469,3,1
12,1,47.99705574512587,1,1
81,0,24.64256675049492,2,1
78,0,26.54822937756502,6,1
14,0,6.628438385820266,7,0
34,0,6.938896683827698,1,0
53,1,38.66054628893777,10,1
20,0,42.80088129867286,5,0
75,1,39.257250088491496,6,1
16,0,41.745335663248156,4,0
95,0,13.90085873987216,6,1
70,0,23.356682637504907,5,1
56,0,23.014049231429812,7,1
83,1,49.76464181677233,4,1
58,0,47.46398320377671,1,1
4,0,29.964456710657704,2,0
4,1,6.984859343720599,6,0
20,0,13.003942327670789,10,0
10,0,18.251701593588617,2,0
24,0,43.67326181870214,5,0
99,0,8.61455960746254,4,1
26,0,11.065371139742442,7,0
37,0,17.534296114324366,4,0
85,0,46.35281841380384,7,1
54,0,25.240223329741717,8,1
21,0,32.37711822621697,7,0
74,1,19.422442923001906,2,1
38,0,9.507253344312488,1,0
46,0,11.217746816683158,5,0
4,0,40.153293893762374,7,0
60,0,44.68475371215993,1,1
57,0,24.704475229067935,8,1
45,0,17.9140269202169,3,0
20,1,40.41097331271039,7,1
17,0,33.6874292765383,3,0
71,0,2.1396114765330942,4,0
4,0,17.601970854252254,8,0
93,0,34.140431613978485,2,1
14,0,28.72662303251976,6,0
3,1,48.90555871142651,10,1
88,0,43.319157373441996,9,1
80,1,3.0809464459899236,10,1
58,0,36.315873882050795,9,1
55,0,16.882697955290848,5,0
4,0,34.13592688398873,3,0
24,0,30.899506845960676,6,0
34,0,25.20220793142737,9,0
30,0,42.6621827615438,6,1
82,0,35.46362402114408,4,1
19,0,44.48880021365012,5,0
31,0,14.15202708024216,7,0
60,1,17.471563477270642,10,1
60,0,31.135372355542398,3,1
19,0,48.326575424350615,9,1
49,0,18.641946756925343,1,0
63,0,1.7114531383678102,8,0
83,0,22.34980897555564,5,1
22,0,27.242085170198255,10,0
24,0,40.06927169410721,9,1
76,0,36.45716395183228,2,1
30,0,48.23666776784498,1,0
58,0,39.15586975176767,10,1
31,0,15.001559009687345,7,0
64,0,32.10487751791047,10,1
19,0,33.64483555048796,9,0
48,0,49.90122368954409,5,1
45,0,7.023021770216201,4,0
94,0,9.647142584253793,4,1
55,0,7.860130836033578,8,0
55,0,29.494099696881594,1,0
97,0,6.851523504477602,1,0
18,0,32.834784674336326,8,0
63,0,40.20832513812452,2,1
92,0,21.696366917922337,10,1
47,0,28.078185586284263,6,0
75,0,45.64483195623541,2,1
57,1,28.52133928711731,5,1
45,0,10.509417046539884,3,0
33,0,17.225370542323756,7,0
17,0,26.53930558663948,9,0
70,0,7.829394505930288,2,0
4,0,30.664739784307777,7,0
20,0,49.96237998501288,8,1
47,0,32.66149475055413,10,1
91,1,18.683316086320616,8,1
15,1,16.65414993488502,7,1
70,0,46.58700579810303,4,1
47,1,43.588563099874925,4,1
78,0,23.670695147918487,10,1
75,0,17.735386768564183,9,1
9,0,35.55216775146298,10,0
90,0,15.79367353015871,9,1
16,0,6.058221289401768,5,0
69,1,15.576595393846164,7,1
61,0,21.771369507648373,7,1
10,0,12.845027661537134,9,0
50,1,10.919004919302376,7,1
3,0,0.40639411696841754,8,0
77,0,31.579054792061925,7,1
94,0,30.761002221574334,4,1
70,0,9.482459364759338,2,0
81,0,47.18813858337809,3,1
51,0,20.53758800005743,7,0
19,0,1.371423735457697,9,0
42,1,11.066618671515693,2,1
35,1,34.63416746513261,7,1
46,0,10.160832950648704,4,0
26,0,2.7902316979152,7,0
69,0,30.923540447594178,5,1
93,1,25.965904050649733,7,1
64,0,38.08716522131283,6,1
37,0,38.65430628835267,2,0
84,0,48.00076916400767,7,1
49,1,2.945175446525084,5,1
21,0,2.045572048929594,9,0
74,0,49.36113269658027,1,1
64,0,32.277909097077995,1,0
5,0,35.79698992941181,2,0
70,0,4.914452784784905,8,1
90,0,3.5836532733320148,9,1
4,0,8.096654337394972,7,0
39,0,21.417060579593734,1,0
35,0,5.5977915183754865,7,0
1,0,22.372053647997316,8,0
24,0,28.120641564756703,7,0
57,0,0.11661509746688664,5,0
70,0,5.800856976519675,7,0
41,0,18.822240069217152,10,1
54,0,2.761156655570328,2,0
46,0,6.7630957682757895,9,0
60,0,11.666639883752127,2,0
60,1,21.537110566965584,2,1
57,0,35.77037617704179,5,1
31,0,6.72116173010971,8,0
84,0,36.92413273827568,6,1
24,0,42.76753041288932,9,1
89,1,32.608790467573144,6,1
36,0,2.2819122018471107,5,0
85,0,22.088618977679324,1,1
30,0,33.03729348151164,8,0
24,0,48.92780541690489,3,0
30,0,47.5952385646552,2,0
86,1,19.845587406551946,7,1
92,1,30.83496050403212,2,1
7,0,44.55167585334309,1,0
35,0,41.5692077440722,2,0
55,0,24.023149522226213,6,1
92,0,13.135942411492007,2,1
14,0,6.941287345261765,1,0
10,0,24.450209738654635,1,0
80,1,36.17000917963013,4,1
16,0,48.49150868949167,8,1
54,0,43.104563750672135,6,1
95,1,10.291623666883266,4,1
89,0,36.01692852844125,6,1
77,0,14.526152567535679,6,1
70,0,34.20528246223646,9,1
44,0,33.323692476992555,4,0
73,0,13.694287085984516,6,1
45,0,11.795992148842593,10,0
56,0,5.286494353187399,1,0
84,0,2.6219278765508722,7,1
82,1,42.936707836937906,7,1
57,0,2.5874847922885795,1,0
21,0,4.528184209603193,8,0
68,0,12.018716564873174,5,0
50,0,44.39415059026758,9,1
33,0,16.713723985067347,8,0
91,0,9.670797917083949,3,1
7,0,35.806219240175245,1,0
70,0,16.021580767947416,3,0
15,0,16.734995240002196,2,0
82,0,36.97493213733295,2,1
32,0,12.657475498854463,4,0
75,0,44.84832638051071,2,1
20,0,28.11494173211743,8,0
88,0,26.93780238750346,5,1
15,0,13.311136529803859,1,0
48,1,41.77120757248329,6,1
71,0,28.68020258848792,7,1
21,0,7.860275740470774,1,0
42,0,10.394282038513653,3,0
26,1,23.465969850150117,9,1
14,0,39.00412693857779,7,0
57,0,46.970834153486315,4,1
37,0,33.208581655809645,6,0
58,0,25.35654815295908,6,1
21,0,12.611525677850032,3,0
82,1,33.6761112267419,2,1
69,0,49.11376381709002,5,1
3,0,23.863501529407827,8,0
87,0,8.19087975660578,3,0
90,1,5.25669501456351,5,1
37,0,13.535883511689173,3,0
88,0,28.51515674916005,7,1
49,0,47.34558452445731,6,1
19,1,15.028337644900919,6,1
89,1,15.339019451443061,1,1
85,0,24.110864989698403,2,1
12,0,45.93526252144952,6,0
61,0,21.010847024395552,8,1
41,1,11.239146653860564,5,1
33,0,8.24023265759039,2,0
50,0,22.905066926696836,5,0
68,0,40.053804042934466,9,1
71,1,14.63848499574704,6,1
86,0,25.674879697609082,5,1
33,0,30.1901127938852,10,1
81,1,22.57847354172908,6,1
24,0,9.66534304352914,9,0
61,0,46.095109328949285,7,1
61,1,28.315916838200753,10,1
98,1,36.48380575730289,3,1
28,1,31.838545971352854,10,1
58,0,49.90259628420593,10,1
43,0,22.869875708488934,5,0
41,1,21.306121427624763,4,1
39,0,18.070979317891315,5,0
86,1,18.145260121079108,8,1
49,1,13.860933514790112,6,1
17,0,49.033443244812695,4,0
98,1,43.5520235116654,5,1
70,0,15.901982947365086,7,1
70,0,15.330929328026794,8,1
98,0,5.266345960534234,5,1
65,0,43.86383993942369,2,1
74,0,18.651125936247645,6,1
85,0,28.673508068041876,9,1
5,0,45.028848671158464,3,0
2,1,20.464222358862866,7,1
22,1,40.362715366799804,8,1
57,0,21.57125274981298,6,1
66,0,35.07695285698586,3,1
74,0,21.616101918889836,1,0
98,1,19.69868081427916,3,1
16,0,49.53639105413921,6,0
51,0,30.656257115978395,4,0
39,1,18.432819962986663,1,1
86,0,12.96519190663221,6,1
76,1,2.084341874457857,1,1
88,1,35.35766037841148,8,1
40,1,18.670655666943574,3,1
38,0,41.08058277256036,3,0
60,0,18.257036185053703,1,0
59,1,18.72912670200901,3,1
10,0,38.98113221969713,7,0
99,0,24.524386171957424,10,1
64,0,44.256249053009505,8,1
63,0,29.547774259557144,8,1
49,0,12.108176194367386,3,0
64,0,28.45676552957167,5,1
32,0,0.2996836291416308,1,0
7,0,15.688628998464088,9,0
21,0,10.47682179084075,8,0
20,0,32.74397399458644,10,0
26,0,6.88832531664027,2,0
68,0,14.575862593397506,10,1
86,0,16.63229686073743,1,0
15,0,0.26433212030785325,4,0
85,0,2.433651755816399,9,1
79,0,15.625193786078382,8,1
86,0,11.19558701427642,3,1
92,0,5.933646256896261,10,1
14,0,7.792666652062501,6,0
27,0,41.793294372866306,9,1
40,1,34.19764681808386,10,1
58,0,24.257464796982326,8,1
28,1,45.452851334222935,10,1
26,0,1.574684267986766,5,0
63,0,17.312253303596595,9,1
66,0,41.18684750345253,9,1
25,0,31.45162082980754,3,0
3,0,49.086202981150144,8,0
72,0,47.231294672081646,4,1
44,0,8.580130304641687,10,0
97,0,48.60215116006401,7,1
42,0,47.282185820106214,10,1
99,0,18.743186159176755,8,1
6,1,49.14572655527874,7,1
39,0,1.8886232009955803,5,0
52,0,33.07145269017358,1,0
23,0,13.380775432793996,8,0
89,0,6.560208520106449,5,1
50,0,28.918992754697946,3,0
43,0,15.386880378441198,2,0
19,0,33.37458465617644,3,0
69,1,27.045054500509572,9,1
51,0,19.690211105342108,2,0
11,1,9.172925849613407,10,1
12,1,30.102384853861615,1,0
74,1,41.47860841083003,2,1
8,0,30.040222978613134,2,0
24,0,30.56507553310692,5,0
92,0,25.640684470973635,1,1
41,0,19.473181854681755,10,1
36,0,22.927156277513955,8,0
85,0,49.478133680292096,2,1
72,0,37.50845825505398,6,1
55,0,21.584917252601723,5,0
9,0,22.91909035773057,2,0
47,0,25.03163718671214,10,1
15,0,32.999778299502765,1,0
48,0,23.351315887354186,6,0
82,0,34.340338010118245,6,1
42,0,16.52647155172761,3,0
60,0,20.590917637854087,8,1
84,0,43.216250922721976,9,1
70,0,16.51239216960698,3,0
12,0,48.225392985432585,9,1
2,0,8.707996854546156,8,0
7,0,12.159822803787916,5,0
80,0,23.237619562669902,6,1
3,0,39.89069543016294,1,0
3,0,36.60561633365385,5,0
27,1,8.805854278958048,10,1
40,0,11.910582795795062,10,0
33,1,28.80562315363679,7,1
92,0,14.828720790405276,1,1
1,0,21.174033691532212,10,0
8,0,24.38104935680274,9,0
32,0,29.75287566698519,7,0
48,0,12.627461089519342,4,0
4,0,8.24069316339248,4,0
94,0,19.98831305092192,10,1
70,0,4.193108620294443,7,0
19,0,26.38558203743652,6,0
32,1,41.99629744582521,3,1
9,0,6.036885405692657,9,0
12,0,5.725253553263496,6,0
11,0,4.1028681634808715,2,0
46,0,42.40827835911891,10,1
16,1,4.1271742569153345,2,0
1,1,49.17475556568169,1,1
63,0,17.980731572901288,5,0
21,0,16.505231741209595,10,0
30,0,4.6724244296427555,6,0
13,0,29.323496510657,3,0
34,1,29.335522396404308,4,1
4,0,24.740910781778126,5,0
28,0,15.6199053460726,4,0
95,0,18.492186414264523,9,1
59,0,16.09311934431953,3,0
27,1,21.364705773197045,5,1
69,0,17.155226463513177,7,1
25,0,33.808314261275974,7,0
3,0,14.859744970128759,6,0
97,0,17.606827751573263,9,1
68,0,21.82944825097849,7,1
25,1,0.29769553011792216,4,0
20,0,24.65492045362251,10,0
34,0,12.865408179327437,9,0
26,0,2.9019076558234436,6,0
5,0,45.55996280836327,1,0
99,1,16.188694820957906,9,1
61,0,21.361654657267945,7,1
92,0,41.38442360107827,6,1
93,0,8.422769640610618,6,1
9,0,42.53040959810892,4,0
50,0,12.157733609061147,4,0
6,0,29.492990791604328,3,0
83,0,34.315351170292296,8,1
60,0,45.26019589880199,8,1
44,0,30.421135934738185,2,0
11,1,22.716266882375017,5,1
66,0,28.656240681854694,9,1
47,0,10.183914890736174,9,0
73,0,34.48480927407755,7,1
85,0,9.425347531322705,4,1
88,0,27.90665584270502,4,1
98,0,32.4154227018884,10,1
86,0,44.939300702346955,7,1
3,0,22.564472316282963,3,0
76,0,38.789128006801704,3,1
92,0,8.459771366383398,5,1
30,0,7.8942042888178685,6,0
90,0,26.287420884624517,8,1
21,0,29.85740417899414,1,0
28,0,31.65381793257212,7,0
90,1,37.30913469698654,8,1
62,1,14.817081239284374,5,1
33,0,31.16812532043753,10,1
85,0,9.4881421282355,2,0
35,0,11.027985681822658,4,0
52,0,3.4587135298566754,6,0
34,1,37.37532924832264,9,1
41,0,25.398949222240642,2,0
51,0,11.985466709418143,4,0
47,0,27.85626251244449,10,1
82,0,17.776585911826,5,1
58,0,41.87677452343449,8,1
75,0,26.454579251688664,8,1
57,0,1.587555070405924,2,0
23,0,49.256254788352976,6,1
48,0,3.8074970579731184,6,0
22,0,34.828313626113484,5,0
17,0,21.919066376210257,8,0
69,0,12.540958545352803,10,1
11,1,33.85526589969886,2,1
94,0,6.382277949878851,2,0
15,0,42.926510252978936,7,0
91,0,12.605538097065294,9,1
35,0,18.136537553359968,3,0
33,0,31.668917451579397,7,0
84,0,0.15136284671179698,3,0
16,1,23.690155858004466,6,1
34,0,44.7230211829334,3,0
66,1,34.05274049955445,1,1
99,1,19.456228210437864,6,1
40,1,33.05517896440317,3,1
28,0,46.83481430267665,1,0
47,0,9.471485310115568,5,0
39,0,26.637219641049498,8,0
70,0,11.813405302533454,8,1
73,0,42.725809494618154,8,1
20,0,36.080407554918004,3,0
1,0,40.07368842044974,8,0
72,1,47.15629143940899,4,1
87,0,11.692207941470862,8,1
63,0,2.53108665863582,3,0
67,0,14.616095636429426,3,0
4,0,20.017051500550682,1,0
58,0,31.295474352976033,8,1
25,1,39.90545766753795,8,1
47,0,17.555184073539458,9,1
38,0,23.727499638172763,6,0
15,1,39.29481657271098,2,1
63,0,11.343903443805887,1,0
21,0,10.934883204127749,8,0
99,1,29.502726192518683,10,1
57,0,21.859235842841567,4,0
53,0,47.44995047146821,7,1
46,0,17.915824094930446,10,1
14,0,38.001824614990966,4,0
76,1,29.196327898855383,1,1
17,0,2.8233469882888462,8,0
39,0,4.3108388456714755,10,0
9,1,10.23750876068051,9,1
99,1,7.243315880166395,10,1
77,1,16.53563733325769,9,1
79,0,28.99154690833464,9,1
82,0,30.157890896068572,4,1
97,0,29.42961247962072,9,1
6,0,5.968670868194388,4,0
91,0,30.051248001938756,2,1
23,0,20.546369654183515,10,0
59,0,45.162327996111074,3,1
91,1,45.60801138577395,2,1
98,0,38.431873951523585,1,1
46,0,35.18504683985129,6,1
38,0,5.836140594141904,4,0
14,0,4.32624115817619,7,0
72,0,42.057601176612884,7,1
62,0,21.40808924122701,10,1
35,0,22.62297753252721,1,0
19,0,42.40487519165022,9,1
30,0,31.109404857133335,8,0
78,0,9.052421321015073,10,1
84,0,10.62956012646929,1,0
25,0,0.4182207348382546,8,0
40,0,35.56243768768408,5,0
88,0,24.332021758874806,1,1
14,0,47.50319925056788,4,0
26,0,35.72923878228857,7,0
87,1,5.247317772251678,5,1
22,0,8.160918850969548,3,0
48,1,25.136059874487966,4,1
83,0,46.25122101627036,2,1
51,0,12.437829385200697,8,0
3,0,41.296452075430715,2,0
42,0,15.682393764770188,6,0
19,0,13.567869758833329,7,0
73,0,45.07949819159174,7,1
28,0,2.457355444425373,1,0
84,0,33.07097783281881,8,1
45,1,2.254058962633034,9,1
71,1,40.058112949920755,7,1
78,0,41.48727731227978,8,1
63,0,44.67849307551658,4,1
73,1,9.385894073543612,8,1
19,0,6.312457980727382,3,0
47,0,25.226398823250868,1,0
14,1,13.654467815846791,8,1
38,0,30.354243865128556,6,0
53,0,25.735989799480794,9,1
61,0,7.328120300248795,3,0
36,0,36.98959764320338,8,1
40,1,40.208840488443926,9,1
81,0,48.1558468174713,9,1
30,1,19.837389930420855,7,1
9,1,16.952973280529562,10,1
64,0,9.693906535394927,3,0
33,0,9.125166254939009,3,0
52,0,16.12055894046127,2,0
89,0,49.09265344747798,1,1
14,0,4.703707868735398,2,0
75,0,13.042373483666426,5,1
53,0,4.390322004064576,1,0
99,0,13.754206497513303,10,1
59,0,4.7108314832821785,4,0
78,1,25.464612451125806,10,1
94,0,21.973947110663786,10,1
41,1,8.7851114862895,1,0
68,0,8.822913899381787,10,1
68,0,31.342842778597703,8,1
92,0,19.41735481562811,5,1
8,0,2.9041273429895207,10,0
2,0,46.017610728376695,4,0
86,0,20.30712904190904,3,1
41,0,29.59327298734874,9,1
55,0,44.28205630092684,6,1
16,0,20.167733963955026,1,0
93,0,41.05093596662134,8,1
62,0,45.7461360076872,10,1
48,0,8.78596244480217,2,0
30,1,44.635373754165116,9,1
12,1,6.07963909064827,7,0
35,1,13.828857728028716,3,1
11,0,40.42975123774681,4,0
64,0,45.04415895955182,3,1
50,0,34.23852553981555,6,1
85,0,5.330809891172387,9,1
21,1,26.197314617547153,10,1
69,0,28.674442041583593,9,1
48,0,14.164800527032812,1,0
20,0,49.56566076432985,10,1
67,1,16.847835047283926,6,1
44,0,10.591712987783536,1,0
33,0,5.595787829737238,4,0
73,0,18.987212917569586,7,1
61,0,34.66167271313807,4,1
9,1,11.647712955294915,9,1
68,0,38.50025645143336,10,1
35,0,6.856523259314183,5,0
81,1,22.07934975583068,9,1
98,0,35.14844963129144,1,1
88,0,6.85193919411312,4,1
96,0,29.932326278749372,7,1
65,0,39.967730369603586,2,1
8,0,29.81788992483141,9,0
45,0,25.622049823943126,3,0
87,1,41.93114770482175,4,1
47,0,49.27247546506071,4,1
40,1,9.14751632252322,8,1
76,0,34.5981824322441,2,1
54,0,4.124811961542881,5,0
76,1,2.2377670962999643,2,1
46,0,14.112866614527404,6,0
47,0,48.5488974474913,9,1
15,0,27.654563003309992,9,0
19,0,13.486740063375018,1,0
26,0,6.716046210607442,4,0
52,0,46.01715181036547,4,1
93,0,18.18209243538489,1,1
22,0,15.404193792311212,10,0
21,1,42.91237525675036,2,1
51,1,30.259701302372445,6,1
38,0,8.514941970917196,10,0
20,1,21.13337552280667,3,0
29,0,46.41873029847482,9,1
51,0,45.07005837076129,3,1
4,0,3.5984786569431106,3,0
55,0,13.503798318355846,9,1
71,0,7.811515961654554,3,0
92,0,26.73720454149141,6,1
28,0,37.52416751981289,6,0
4,0,14.847606236682783,1,0
22,1,37.92400426152756,7,1
76,0,33.46890709615149,9,1
45,0,36.43828824943509,9,1
67,0,47.417361293802394,9,1
86,0,21.28813185325647,2,1
66,0,17.19414442811281,1,0
88,0,34.223975685771215,6,1
34,0,40.39710135974173,6,1
91,1,9.653120056292657,4,1
55,0,42.35530008065659,8,1
1,1,2.986839300854661,5,0
72,1,0.41904822859337576,7,1
87,0,8.005514755368353,9,1
38,0,48.9354926299643,1,0
6,0,26.225912343127046,9,0
86,0,2.4237138345540576,4,0
25,0,49.859066634080676,7,1
82,0,37.27107161586842,4,1
17,0,41.916453289965695,4,0
61,1,10.725732271356163,4,1
12,0,5.361926768394247,6,0
6,1,25.802738641609956,5,1
90,0,38.6315666456839,2,1
27,1,31.92525455069303,9,1
8,0,31.589860642756737,6,0
83,0,37.87909457604716,10,1
65,0,11.428339195120248,6,0
57,0,33.10981216236837,9,1
93,0,19.66632238985433,1,1
99,0,3.580698917484926,7,1
40,0,10.186916051544927,3,0
14,0,39.72078658632414,4,0
35,0,44.806941834214804,1,0
48,0,14.212808395266007,3,0
84,0,9.599010806483536,7,1
56,1,1.433552761834223,6,1
49,0,47.39009969048191,1,1
13,0,34.224360759256875,9,0
61,1,47.8558022416537,4,1
49,0,43.20607423023069,7,1
46,0,17.089282975251344,4,0
62,0,5.722883983199789,7,0
8,0,25.002934063520875,5,0
43,0,1.4380085111017837,1,0
20,0,7.580839744358136,4,0
97,0,11.748288187852669,3,1
90,0,33.31576514760931,6,1
39,0,25.542885950309397,6,0
85,1,15.19073585002861,1,1
49,0,28.281943119647863,2,0
64,1,6.347612179529528,2,1
62,1,37.80983552824877,10,1
54,0,35.63055342378889,4,1
9,0,10.903483516458415,9,0
88,0,30.35893863323771,2,1
37,1,25.214799954432173,8,1
49,0,3.1347339613050074,1,0
41,1,13.979880450123108,8,1
17,0,49.97418693079024,3,0
88,0,5.066829489429719,5,1
21,0,25.36992422040582,1,0
51,0,42.4817543552674,1,0
59,0,15.10252846295768,6,0
39,0,13.10936108578815,3,0
55,0,44.550573279347155,8,1
41,0,15.311014354380495,4,0
39,1,32.60951623151432,6,1
13,1,37.04161791811603,10,1
64,0,39.45202569042454,9,1
11,0,49.73850590161912,8,1
19,0,40.17928427852402,4,0
11,0,32.884906628687965,10,0
77,0,44.783631532172784,8,1
46,0,45.29665731838348,7,1
45,1,48.66100623721479,5,1
1,1,38.845616697376656,7,1
40,0,9.826873796846733,7,0
19,0,35.519323836309106,10,1
76,0,3.8489092380265424,2,0
72,0,15.966350102978135,7,1
72,0,5.878794764747614,3,0
61,0,47.50213608368825,8,1
12,0,17.003830199995665,8,0
61,1,35.68946075751816,9,1
33,0,28.608789945727754,4,0
45,1,5.464819511551128,10,1
90,1,28.111087949255786,3,1
92,1,33.085074816901155,9,1
69,0,44.087711139950116,9,1
8,0,3.597273556715244,2,0
25,0,14.852135856332344,6,0
91,0,34.647813101239365,3,1
46,0,1.8131486300034125,5,0
87,0,10.257317463255797,2,0
30,0,11.01165278059294,4,0
47,0,33.499387997401335,3,0
87,1,14.369437905824828,2,1
49,0,30.019823546781854,6,1
47,0,48.27088748914773,3,1
84,0,39.68282480186157,4,1
82,0,16.711849951760854,6,1
18,0,23.67275844508428,5,0
66,0,10.113627714840044,4,0
68,0,0.8844285141421463,4,0
94,0,14.556798366430426,2,1
33,0,18.533489699126417,10,0
36,0,28.26192192863192,4,0
82,0,47.20892579826011,8,1
19,0,47.3978184462845,5,0
28,0,3.5979051130785087,10,0
40,1,30.7708194086054,10,1
84,1,2.21339727930402,8,1
97,0,32.43924563330361,6,1
76,0,5.9733828075298145,10,1
15,0,47.32550096860281,5,0
41,0,43.230500258694576,4,1
39,0,1.214208644613827,10,0
2,0,39.12837305044703,9,0
63,0,31.83126614681349,10,1
29,0,24.81892261265552,5,0
74,0,30.171460888949174,10,1
66,0,33.94467801711056,6,1
51,0,44.23442803046961,7,1
75,0,38.391147286033,1,1
77,0,28.811353184566528,9,1
10,0,41.24832147117592,8,0
14,0,49.34745552952965,5,0
82,0,15.079082842575405,3,1
51,0,6.0091926315115805,5,0
73,0,36.59926820936412,5,1
39,0,48.93195706225786,9,1
28,0,5.923625468003132,7,0
3,0,21.642192174611285,2,0
84,0,3.207155345067539,5,1
70,1,38.84894394426241,9,1
27,1,47.4405649142839,2,1
2,0,24.999808307154797,8,0
93,1,20.53510524828344,3,1
38,0,45.395179260201,4,1
3,0,6.756080626924118,2,0
16,0,44.59005714260377,9,1
94,1,19.667087539788238,6,1
40,0,28.01437997665908,9,1
2,1,26.46177604590262,8,1
81,0,30.837360803081207,9,1
41,0,47.11195335649945,5,1
12,0,47.56123891014215,6,0
35,0,41.57429853146791,7,1
65,0,9.65804944418619,5,0
55,0,16.742464586984124,1,0
45,0,24.44246002770178,9,1
79,0,45.28250087448902,2,1
90,0,26.091154709925974,7,1
85,1,48.87403966697302,8,1
62,0,49.19367446629387,8,1
49,0,29.969354547202837,1,0
95,0,43.88701744343578,10,1
25,0,49.96121332999255,7,1
23,1,42.500854249258865,9,1
24,1,32.8798595579941,3,1
38,0,42.2721629234727,8,1
28,0,4.224487583312071,8,0
21,1,31.77758374473898,9,1
54,1,10.904449408526753,8,1
18,1,5.891576167468633,5,0
36,1,44.65427549117228,5,1
99,0,32.018282693526885,3,1
45,0,12.252972641503993,6,0
73,0,19.400436657233417,10,1
53,0,48.66649961313425,3,1
30,0,43.12288443869347,2,0
60,0,0.8775315954757469,7,0
98,0,48.99206965710398,10,1
32,0,18.489620719988224,3,0
67,0,34.801366482697645,4,1
67,0,35.66256057399876,10,1
28,0,45.59305334178067,8,1
44,1,44.26453772256037,1,1
79,1,14.158306613338079,9,1
41,0,32.21242036645797,6,0
63,0,19.745900604157324,2,0
23,0,26.324632449340015,3,0
75,0,27.778458419203464,5,1
48,0,19.877537946968737,6,0
32,0,23.248311619977294,9,0
57,1,10.496279169258457,2,1
33,0,30.421554524747442,5,0
24,0,37.97209479059376,7,0
39,0,21.5440860857514,7,0
34,0,48.88623640138303,4,1
56,0,2.9555977298322813,3,0
28,1,29.499118019186003,8,1
37,0,29.221678594843727,2,0
7,0,1.9111842926963976,5,0
68,0,11.306051602647127,10,1
37,0,45.28657492411332,5,1
56,0,27.271250825999772,1,0
65,0,21.87565516089724,7,1
65,0,20.83327263228826,4,0
47,0,44.41922551780345,10,1
20,1,18.414855663517134,2,0
19,0,42.97242643008026,8,1
29,0,15.528710705541565,4,0
74,0,26.622048826691888,1,0
60,0,7.276606499841849,8,0
18,0,41.26901258094789,7,0
92,0,36.825146063140906,3,1
35,0,26.551643867390847,3,0
43,0,1.3924752432007423,7,0
95,0,24.114740859691945,2,1
91,0,11.337306758439816,5,1
11,0,20.72737736416347,7,0
49,0,42.83568179404636,6,1
38,1,38.50320493700158,10,1
64,0,12.173450184429099,7,1
69,0,49.24917630298497,2,1
8,0,45.17020426389435,7,0
34,0,26.480804812374945,2,0
48,0,26.554500982366875,7,1
56,1,45.07317165366479,8,1
76,0,31.843625941117676,10,1
65,1,26.88075175195237,8,1
31,0,37.482511331678374,5,0
4,0,11.831346052010538,7,0
50,0,43.931033242810415,8,1
69,0,26.617620496361912,4,1
30,0,30.214614819087874,2,0
88,1,4.588199175616241,7,1
59,0,15.544497042235356,1,0
67,1,21.394093299937516,2,1
75,1,20.754085219457373,10,1
45,1,38.93638987230505,7,1
4,0,14.187887634751398,10,0
26,0,9.187252190918993,1,0
27,0,29.172600847966436,7,0
46,0,30.789241432517414,5,0
64,0,6.16700702360342,3,0
91,0,0.22317829900119995,2,0
51,0,45.89068909309076,7,1
50,1,4.0738861559553685,9,1
6,1,44.90355990390581,9,1
59,0,20.020822231881915,10,1
15,0,32.68748980895385,10,0
30,0,9.362173066249172,8,0
42,0,41.213459688591705,2,0
37,0,9.091650006303727,1,0
42,0,19.386806500913845,8,0
35,0,11.977486396093235,2,0
87,0,41.891547288578145,4,1
6,0,42.93095710107909,4,0
68,0,18.66424157957454,2,0
18,1,15.438185703113254,4,0
73,0,38.70091222223874,7,1
29,0,43.937747393381436,6,1
77,0,31.238597706291785,10,1
59,0,46.37744341888226,6,1
47,0,19.213886261219173,4,0
17,0,7.679131460666376,2,0
96,0,9.064184817620362,5,1
22,0,33.52461441963128,3,0
68,0,20.435568511622964,3,0
69,0,7.9000984572567035,4,0
37,0,14.682120059690034,5,0
49,0,26.577193094434154,2,0
13,0,6.160118821410607,6,0
34,1,0.2717806973260457,6,1
86,1,45.873172570031066,8,1
53,0,15.312573419826476,2,0
87,1,11.152757452615015,8,1
51,0,34.95419240543662,8,1
3,1,42.68479583682583,4,1
42,0,31.650710490441856,7,1
98,0,12.798689429516726,7,1
32,1,43.09566750538001,1,1
51,0,25.570317086748243,1,0
85,0,19.12142106771632,8,1
46,0,30.2758333696854,1,0
21,0,35.06054995955199,3,0
44,0,29.732110718345595,6,0
11,0,46.020247741568014,8,0
68,1,31.438088519352778,5,1
1,0,43.941177560016264,5,0
92,1,29.389225914178287,4,1
63,1,16.551010729133235,4,1
24,0,26.66161119241145,7,0
99,0,4.408200813614968,6,1
13,1,11.585714231400134,8,1
98,0,38.334959943965465,6,1
11,0,33.10763297315286,10,0
51,0,8.409283655639681,7,0
17,0,21.95695729527825,10,0
99,0,7.185411075919462,10,1
82,0,42.8053110330613,5,1
86,0,5.547568117539013,6,1
24,0,32.746326338340694,1,0
19,1,30.389300048810643,3,1
37,0,23.691554617777808,8,0
85,1,13.983907670940674,3,1
8,0,20.257429349652167,1,0
28,0,40.33892589300625,3,0
5,0,38.101385695750515,4,0
17,1,36.96657484654071,8,1
36,0,37.516196859616784,9,1
19,0,7.279930080331422,4,0
64,1,5.044912873085338,7,1
91,0,43.0887812804157,1,1
98,0,41.87501106018775,9,1
11,0,34.097783371913536,4,0
54,1,30.334696691245355,9,1
45,0,18.406898153471182,3,0
47,0,11.281721319742362,5,0
12,1,33.41605624271884,1,0
21,0,45.6604284403156,3,0
11,0,21.906129129333685,5,0
92,0,15.230302264122885,6,1
5,0,13.610016493125606,8,0
81,0,1.2828916206974563,1,0
56,1,26.063804437483867,3,1
20,0,49.41297788975609,1,0
41,0,40.78036203535219,5,1
46,0,44.88398843644639,8,1
12,0,31.096088404147753,4,0
70,0,24.12417588308927,9,1
17,0,49.523804669447195,6,0
19,0,22.413389320878462,6,0
26,0,45.849845728100995,5,0
48,0,38.11605595830837,10,1
52,0,16.615823419378827,5,0
96,1,25.202802944323953,7,1
70,0,19.278028166008696,8,1
55,0,6.897541380881648,7,0
75,1,17.90265241995343,1,1
33,0,44.45974692557672,1,0
62,0,37.65652069891849,10,1
88,0,13.951295607652934,6,1
23,0,18.458874323567166,3,0
15,0,30.860052758025436,9,0
27,1,20.86537676892352,7,1
75,0,25.20190140659169,2,1
64,0,34.938603713689524,3,1
81,0,23.415817322386637,8,1
51,1,9.62939250439307,1,1
53,0,26.07663947200998,5,0
78,1,17.87029968783291,10,1
91,0,14.607638000085268,1,1
82,0,16.472617199215303,9,1
92,0,22.006210652751285,7,1
51,0,44.34199582929389,5,1
47,0,36.72944950607699,6,1
4,0,33.42730873121796,3,0
7,0,23.6158845229985,3,0
35,0,0.19131436276920322,7,0
48,1,17.093480500810657,7,1
73,1,40.67828279497573,7,1
72,0,19.469728384935213,2,0
45,0,28.234574340875263,2,0
81,0,10.31651683572013,5,1
81,0,45.80130131810496,4,1
97,1,46.16620474327962,7,1
96,0,7.388912159521855,3,1
72,1,36.23553156539597,5,1
19,1,3.854401536820458,2,0
63,1,29.96752613720688,1,1
38,0,9.01481717621722,9,0
67,0,7.370692099211271,4,0
59,0,0.3055788878942264,8,0
69,0,47.04877112968343,7,1
13,0,41.47969932687085,1,0
47,0,3.9660303071721574,10,0
61,0,30.008842942344465,7,1
31,0,11.72162191648172,2,0
80,0,13.274392518766373,3,0
96,0,43.721099051632024,1,1
22,0,5.804854705499991,7,0
93,0,30.114357769585872,3,1
86,0,20.122651195452555,6,1
43,0,9.620949921551452,7,0
67,0,22.65071195560686,3,0
54,0,47.0304154265958,2,1
10,0,39.102341456604556,9,0
42,0,6.69235892804698,9,0
64,0,42.486544011910595,7,1
21,0,46.87828239647341,5,0
80,0,13.920517614026142,4,1
76,0,16.73764280621585,4,1
66,1,6.402865338440543,1,1
41,0,17.312511210644935,4,0
24,1,33.68972577726665,7,1
35,0,13.680535253303757,5,0
56,0,0.4405680372693076,9,0
30,0,16.993377916910227,4,0
57,0,22.713384045539758,3,0
94,0,28.361166267293395,6,1
47,0,34.222872707465186,4,0
35,0,3.183038777015628,2,0
19,0,23.54062207044211,5,0
8,0,13.391486887932519,4,0
26,1,47.40368132067043,5,1
71,0,18.058935638716736,9,1
30,0,5.096172566121531,4,0
7,0,2.170425389501398,6,0
67,0,13.343753790985831,4,0
65,1,9.026049070243866,1,1
36,0,32.52500138124926,2,0
25,0,42.36363043121089,6,0
37,0,15.696679303166098,8,0
1,0,28.931793602528472,9,0
15,0,36.54223332135455,4,0
37,1,19.984535688052816,6,1
13,0,3.409648005769572,3,0
8,1,11.536327055296484,9,1
5,1,44.1649838236253,8,1
60,0,41.241565286119254,1,1
73,0,4.41797318831346,2,0
1,0,11.275041296025316,10,0
36,0,38.48134757795367,9,1
35,0,24.346321776242117,10,1
66,1,38.02235488161664,3,1
63,0,10.63351433594111,3,0
23,0,47.63963714459671,10,1
9,0,39.202011695114976,9,0
34,0,9.952871008817802,3,0
46,1,27.96661511393145,10,1
78,0,5.743546692003265,5,0
4,0,18.13559727481248,6,0
30,0,33.015106286928486,3,0
95,1,16.573371627645706,10,1
75,0,32.8722439483226,8,1
99,1,12.31449528657202,2,1
72,0,36.088218348600044,6,1
3,0,18.043519738604463,2,0
14,0,39.545015418480716,9,0
60,0,6.920826744418896,6,0
77,0,18.162699672679032,9,1
45,0,23.25022944335674,4,0
96,0,21.249891672578777,3,1
34,0,21.71141577556497,2,0
45,0,22.295686333919125,8,1
61,0,49.4412959091093,4,1
83,0,9.73853945315577,2,0
16,0,38.456325142379356,9,0
66,0,27.634260177222234,8,1
40,0,20.74005806368172,5,0
17,0,31.7130829870457,8,0
34,1,42.691219010680214,5,1
16,0,23.38525436125899,7,0
60,0,43.25358831115727,5,1
66,1,4.780536914456588,5,1
66,1,32.68890267745564,4,1
90,0,16.725685059911076,5,1
13,1,19.397094830880988,7,1
56,0,28.593885570124755,3,0
31,0,24.047848235048857,4,0
34,0,19.150793981641737,8,0
39,0,15.485338748804596,6,0
67,0,30.953933581353457,8,1
8,1,25.3284246262983,2,0
87,1,16.233125362992933,9,1
78,0,10.327554841990183,7,1
55,0,38.74596297859123,5,1
27,0,40.00577473394161,7,0
93,0,10.768027536312113,2,1
53,0,13.156285760905556,4,0
39,0,12.033236822824195,7,0
65,1,44.24003030426942,2,1
17,0,38.72910601498634,8,0
30,0,3.821218810174036,10,0
53,0,41.65003089637158,10,1
13,0,1.9389058542170023,5,0
21,1,12.734669570052333,5,0
19,0,45.95767006642109,8,1
53,0,43.23013160883385,1,0
19,0,39.09358228475828,6,0
57,0,22.931606732551558,2,0
25,0,16.13856364089839,1,0
86,0,44.08913729326879,7,1
31,0,32.88799710443369,4,0
81,0,14.845891866884893,1,0
55,0,23.213474310475867,10,1
23,0,44.086861090854796,6,0
32,0,45.18242626030325,10,1
62,0,32.9991744891893,6,1
74,1,36.65453744977999,3,1
10,0,2.0609618781172965,6,0
72,0,30.269565331095688,10,1
54,0,34.48072916171175,9,1
52,0,1.1168196393035588,6,0
20,0,42.20856349901715,1,0
32,1,46.42142208137198,10,1
14,0,11.973028975697522,6,0
50,0,42.30521704157853,8,1
28,0,33.3090778771873,7,0
53,1,29.076721405534904,8,1
24,0,42.17198608708851,8,1
79,0,14.351965733685663,9,1
22,1,39.563723266574016,3,1
30,0,15.79458630664334,7,0
63,0,39.39408149111288,6,1
4,0,22.60759488724723,2,0
77,0,5.935579027504713,5,0
59,0,19.137841029268927,3,0
87,0,11.751314587656557,5,1
8,0,5.116524384232333,9,0
82,1,5.603324714340882,8,1
12,1,39.025562785352086,9,1
31,0,44.08175284087113,9,1
78,0,46.363743059681944,8,1
34,0,42.711913999289685,8,1
82,0,41.52818245454355,6,1
98,0,3.5349089906786384,6,1
75,0,39.52716737661335,6,1
76,0,39.18580471685691,10,1
49,0,6.651390665820197,6,0
79,0,33.13426067353816,9,1
57,0,22.68011608931815,10,1
95,0,45.01067482125633,1,1
93,0,34.800877283543805,10,1
26,0,47.55427806507518,6,1
18,0,5.335639999204719,8,0
96,0,2.12630499117442,1,0
86,0,48.68160995225125,6,1
38,0,4.101588856100728,9,0
81,0,19.371171463420453,6,1
87,1,32.533534050302684,2,1
88,0,44.01482799937078,1,1
50,0,12.803408178874909,4,0
8,0,1.5500047730626643,6,0
41,1,26.112210845909555,10,1
6,0,23.608489811584842,10,0
69,0,15.41396979123507,9,1
44,0,43.707578438322315,5,1
64,0,37.49117636200341,7,1
29,0,42.92000752164241,6,1
28,0,8.174267077912239,6,0
11,1,34.65135675112302,9,1
65,0,48.757576597400984,5,1
19,1,30.634503201253743,2,1
9,0,8.651081828244758,8,0
27,1,49.789441683959915,3,1
34,0,26.463346719763074,9,0
44,0,42.018945011984734,5,1
68,1,7.553136226778523,1,1
82,1,33.33820126612028,4,1
15,0,45.639623140372805,9,1
51,0,26.647689173685773,1,0
13,1,14.50413702318174,8,1
83,0,6.458349215083565,8,1
49,0,14.867638795392681,9,1
70,1,17.808721726050212,9,1
56,0,35.526759750968495,6,1
76,0,9.013208210777137,5,0
51,0,5.39463230019884,7,0
37,0,19.40828309758435,9,0
17,0,22.98681545881598,5,0
58,1,31.456414105653497,3,1
87,0,35.40581193491686,9,1
90,1,44.47495767079662,10,1
29,1,14.518782919849,1,0
33,0,26.477530352327257,1,0
60,0,18.365431269472957,10,1
91,0,0.1709414343464052,4,0
89,0,29.013647953724384,2,1
55,0,40.80822417598982,7,1
10,0,1.9183303565593652,2,0
47,0,0.274238754288215,7,0
23,0,36.41813848488583,8,0
85,0,34.22460027794077,8,1
21,0,20.352020056217544,3,0
13,0,33.1140835928834,9,0
33,0,47.67396501929694,10,1
24,0,12.46835354810965,10,0
11,0,12.371737067126032,10,0
17,0,9.39298701773427,6,0
68,0,36.22693882369014,4,1
47,0,17.72414298474987,8,0
25,0,49.435787385957816,4,0
94,0,35.760980282511845,4,1
73,0,18.43210664370449,8,1
21,0,7.544383099766891,4,0
84,1,29.64203834473334,1,1
83,0,14.815672329511631,6,1
83,1,45.2849031566847,8,1
12,0,22.12607955383609,3,0
37,0,14.703233230473852,2,0
42,0,29.468735547076967,6,0
17,0,6.935027598456126,1,0
48,0,28.121298732863632,5,0
28,0,2.8999627781350354,6,0
41,0,30.38374521918566,8,1
99,0,26.555175810681302,7,1
47,0,26.086222508734686,6,0
18,0,34.23980291418325,2,0
78,0,2.318385059891566,8,1
99,0,23.04060008505178,8,1
71,1,22.25752928571469,5,1
13,0,23.043143847940716,3,0
82,0,48.99655945616063,8,1
13,0,7.04999580989859,5,0
31,1,34.552444877273665,3,1
2,0,20.159607255189968,9,0
16,0,25.635153563793228,9,0
9,0,38.14345590222419,7,0
73,0,7.953034584416702,8,1
38,0,38.20290211056096,5,0
75,0,3.6095060559535357,5,0
54,1,24.217144609370667,5,1
56,0,37.129335799209066,2,0
86,0,9.7083176221995,3,1
97,0,38.56869073716763,8,1
87,0,8.423944095594587,6,1
45,0,39.98201397116235,9,1
34,0,23.499885089797694,7,0
9,0,34.26345275996903,6,0
88,0,45.8785822726225,4,1
8,0,20.480234028325313,7,0
7,0,11.724580588456362,4,0
36,0,43.371488421222075,7,1
18,0,8.164670740428429,5,0
3,1,31.61065498668709,2,0
28,0,46.170339073226664,7,1
70,0,33.752395905611756,8,1
44,1,9.864486163955762,10,1
21,0,7.698969192985324,2,0
28,1,12.690046001919493,6,1
54,0,19.631200959543264,4,0
54,0,8.042035689310165,5,0
65,0,39.910921915421746,1,1
21,1,17.916063596183548,6,1
99,0,46.81072812204505,8,1
13,1,42.14029411536267,2,1
57,0,45.45003131380416,1,1
49,1,14.795186478676646,9,1
54,0,28.72920403672729,2,0
10,0,16.140330950313636,8,0
53,1,12.921730727884297,5,1
44,1,30.393630382007277,2,1
47,0,40.91796949192913,5,1
53,0,4.770530525720046,9,0
74,0,13.860861192166963,6,1
46,0,10.336195626217748,3,0
13,0,39.93767364048761,8,0
37,0,46.675266447301745,1,0
24,0,4.089141238149613,9,0
2,0,19.022749393891328,9,0
86,0,45.73400123166097,4,1
81,0,17.297447205260287,8,1
14,0,35.66180567205379,3,0
10,0,5.123252687315215,6,0
35,0,22.2749378274459,10,1
25,0,25.21470870202226,10,0
3,0,37.90743749145451,8,0
17,1,14.512350063933328,9,1
12,0,13.2830097702713,8,0
54,1,15.218086742771984,9,1
24,0,27.829255788807664,4,0
29,0,43.81262023189107,10,1
43,0,41.56397568341921,1,0
25,0,2.991488254908995,7,0
60,0,43.95986005347197,10,1
90,0,4.8459577734977515,4,1
65,0,20.825868659011597,1,0
84,0,38.29368151878564,3,1
28,0,4.167400698093763,7,0
16,0,2.115944045820645,3,0
47,0,16.56679060017863,1,0
81,1,36.52328783208001,7,1
92,0,26.135646234848526,8,1
58,0,20.908393343423413,5,0
76,0,40.672358544034516,6,1
27,1,38.35879218349281,3,1
53,0,39.32355616572483,5,1
42,0,23.04036851506518,3,0
59,0,1.070517200352361,2,0
47,0,8.689634977227358,7,0
94,0,37.09089137100363,10,1
34,0,37.68335624030629,7,1
37,1,48.617700773796685,8,1
6,0,9.59030769281862,1,0
7,0,6.234046728816986,2,0
96,0,7.0256027234271174,2,1
96,0,9.3209269421996,3,1
25,0,26.47057014144294,7,0
33,0,48.76305200241016,7,1
55,0,29.512631001730288,7,1
58,0,26.182134475767477,1,0
7,0,33.70047589615517,2,0
57,0,3.7891264988320117,8,0
12,0,40.78617129410325,9,0
16,0,32.379289211628134,10,0
80,0,8.642464811567205,7,1
43,0,31.57269951785157,1,0
77,0,29.850777332036927,4,1
7,0,3.336163976190548,10,0
51,0,13.419916672503238,8,0
73,0,19.607986982175134,5,1
32,1,12.319937620901309,1,0
75,0,12.233768220992495,7,1
8,0,28.690128837501174,6,0
97,0,23.595864951315907,9,1
87,0,33.3978798682276,4,1
89,1,47.82471364678485,4,1
72,0,33.06174662560047,8,1
45,0,29.146587020898835,4,0
86,0,42.39321863410834,3,1
59,1,31.640448217295084,7,1
4,0,8.361507388409168,5,0
67,1,15.805960102977295,9,1
29,0,36.69467810595178,5,0
29,0,36.9452809130483,9,1
98,0,49.351736640417066,6,1
98,1,31.386046432275098,6,1
28,1,44.98730488548668,6,1
77,0,2.8235574984174003,7,1
79,0,28.35449500605136,4,1
87,0,46.00041643263956,4,1
44,0,14.433487335391955,9,0
90,0,7.828342529331039,7,1
4,0,17.59045698882834,10,0
90,0,39.63258474548901,6,1
9,0,4.326570652597649,1,0
5,0,30.05689905261731,7,0
56,0,6.868017131629395,6,0
96,1,21.833068833207587,4,1
84,0,48.30225237742762,8,1
50,0,9.837699065359635,7,0
75,0,1.7974257874170136,8,1
15,0,21.417446615004327,9,0
32,0,28.927009825738732,1,0
28,0,14.946134978066594,3,0
22,0,27.13422336849695,2,0
17,1,47.67475711797416,3,1
59,0,15.657362292064407,2,0
90,0,15.54040885684461,6,1
71,1,24.19011810425962,9,1
57,0,25.814285160978585,2,0
26,0,0.16815970116675233,4,0
25,1,30.832169047121507,5,1
10,0,49.86813169836907,5,0
45,0,14.671201668575781,1,0
83,1,31.577421308699805,6,1
11,0,0.3306205861969338,5,0
77,1,30.25589795361522,6,1
53,0,22.408708640448115,4,0
72,0,26.561628357887216,6,1
68,0,27.24085787786995,9,1
95,1,8.9299531680627,1,1
28,0,38.521409281776585,6,0
75,0,27.817934088415917,1,1
65,0,13.582703528900009,7,1
49,0,46.875339173615075,4,1
47,0,0.7374081292023957,6,0
52,1,36.32426697858948,7,1
88,0,19.12363576428948,5,1
54,0,26.174987082434214,9,1
60,0,14.646336497334522,8,1
57,0,16.130483595541328,3,0
47,0,0.8567941090839797,1,0
31,0,36.51926992672392,10,1
46,0,35.56884069895585,8,1
26,0,32.752474200320385,4,0
5,0,43.909738961142,7,0
84,0,45.07325226986586,4,1
52,0,27.866571539320244,7,1
75,1,34.27269225414643,1,1
54,0,0.6488202134159438,1,0
33,0,42.33251863787241,2,0
50,0,40.83902986406193,5,1
38,0,1.1104060593323957,10,0
27,0,27.18697831541174,6,0
98,0,45.34211296481975,2,1
15,0,9.151260552860894,1,0
96,0,17.6969815856992,9,1
61,0,16.619578558082186,7,1
21,0,17.8614297224476,8,0
46,0,2.1901129197095943,6,0
69,0,14.022982419891783,9,1
6,0,14.813330003741756,8,0
38,1,43.30701521963059,4,1
62,1,17.670588755871957,5,1
86,0,22.416115320688213,2,1
62,0,19.098829188031395,1,0
82,0,6.12160513511893,6,1
78,0,49.51880221050864,3,1
74,0,41.308677016166065,4,1
46,1,27.091923320665604,1,1
13,0,23.870588270019653,6,0
95,1,32.49781080060416,8,1
94,0,16.388914311309588,10,1
3,0,2.609115230688479,4,0
94,0,20.275408999372893,10,1
6,1,49.20048111265225,8,1
93,0,9.199105613298366,10,1
8,0,26.432494078433322,3,0
44,1,0.5252176764467755,7,1
33,0,6.18937260741138,3,0
81,0,29.400865853309146,6,1
75,0,14.940955082440963,4,1
77,0,45.29365587438518,6,1
50,0,20.367871321266016,7,0
11,0,10.48087649683952,8,0
95,0,27.32502928730671,6,1
28,0,39.76918439528053,4,0
70,0,1.069042840250001,9,1
41,0,25.325453919639063,7,0
16,1,38.6939851806846,9,1
68,1,5.269073866138254,3,1
99,0,45.14964609476396,5,1
48,0,13.299418757345782,1,0
56,0,8.613120024870057,8,0
64,0,29.50387803784346,1,0
59,0,8.834054176319643,1,0
90,0,34.01710586652199,7,1
62,0,24.556093891721655,8,1
76,0,5.586802491932778,3,0
11,0,45.6332577156442,2,0
89,0,33.692949957181156,7,1
18,0,27.345052024035024,10,0
19,0,18.779596705971525,5,0
87,0,6.829509243056537,1,0
55,1,35.40516671595997,2,1
82,0,40.70142541945006,3,1
26,0,6.378360611921798,6,0
6,0,24.778924464453308,1,0
4,0,24.29382473092523,8,0
29,0,17.560594240176385,2,0
59,0,39.48816058005107,5,1
98,0,5.066536211961663,8,1
17,0,10.33045932111729,5,0
43,0,0.17997816903348668,8,0
80,0,18.71197086534244,6,1
66,0,14.629790578228562,7,1
34,1,43.36299978953201,8,1
8,0,37.315931179400124,3,0
13,0,4.315162608457367,5,0
8,0,37.07370016161228,10,0
94,0,33.8024710488359,7,1
96,0,14.158041252656451,9,1
94,0,0.8714926577600414,6,1
65,0,5.846603829296752,10,1
43,0,12.57206012246611,1,0
39,1,40.84945607100003,8,1
81,0,23.31911001279965,6,1
59,0,45.92793677030661,1,1
84,0,39.47850812647017,4,1
88,0,14.42669817421594,6,1
86,0,42.2835716133676,10,1
93,1,5.924569536496776,1,1
86,0,1.9022642706547532,10,1
44,0,30.466052233574455,5,0
9,1,17.15297744049397,3,0
37,0,16.538341764466093,7,0
74,0,34.3916884879712,8,1
36,0,42.5201810083629,3,0
92,0,16.176557716476054,10,1
28,0,16.318189718922792,3,0
42,0,26.739166860690116,3,0
43,0,32.69386174381395,6,1
85,0,10.224999198203374,6,1
88,0,45.64268973030244,3,1
42,0,32.7553845402154,6,1
66,0,31.2955743872681,9,1
55,0,45.21936223978163,8,1
72,0,45.37252752166441,7,1
48,0,6.863951019261815,7,0
91,0,7.339267648595374,8,1
22,1,38.12124007711336,7,1
27,0,47.84830928264413,3,0
93,0,33.359032557804085,8,1
67,1,20.624718230497788,8,1
13,0,34.2053096747099,1,0
45,0,11.517697660191287,10,0
10,0,49.89851836040841,5,0
9,0,21.611152371165005,5,0
54,0,46.591131525183904,1,1
27,0,21.59682283790237,6,0
34,0,46.414175077983984,6,1
1,0,16.85070352984779,4,0
32,0,38.05109493432476,6,0
89,0,47.55500041920991,6,1
93,0,32.33443584196884,1,1
71,0,33.91050476616632,5,1
67,1,5.234023641570352,2,1
84,0,23.763575363478658,7,1
20,0,44.3490947637307,9,1
94,0,12.121400827912835,9,1
35,1,39.43931437356582,9,1
99,0,33.81792330161666,7,1
91,0,11.226999640552817,7,1
90,1,14.211281142871425,1,1
78,1,21.435288916022788,6,1
17,0,6.343947854484209,5,0
18,0,45.67722772819453,8,1
45,0,36.99394449309557,8,1
93,1,18.31170859017863,4,1
84,0,15.053308215717593,1,0
53,1,34.509985628587636,6,1
91,0,21.26862400544178,10,1
82,0,11.54389493806313,1,0
68,0,21.564522573390494,5,1
65,0,43.57771946280636,5,1
1,0,3.5234711633441766,3,0
58,0,18.48107653936741,5,0
26,0,48.12073720855655,6,1
20,0,0.8401089384835875,5,0
87,0,44.54295184480781,1,1
10,0,18.804201559000255,7,0
59,0,9.556958408315309,3,0
75,0,0.8474893988379159,7,0
41,0,3.619087789799924,5,0
5,1,8.674983874787191,3,0
65,0,1.3679209951409523,6,0
17,0,16.858908417691232,1,0
22,0,2.3401664072835917,6,0
98,0,34.64158148603942,4,1
41,0,40.96346496551924,4,0
93,1,44.38444978619747,5,1
68,1,27.501496230369828,9,1
69,0,47.330826104875285,1,1
11,0,0.3817079829323653,3,0
56,0,6.787514275989722,4,0
51,0,14.728982438472665,2,0
21,0,39.472319653516415,9,1
99,0,44.280918092679464,7,1
76,0,30.944909120173282,1,1
26,1,19.223493586016016,9,1
19,0,33.32569561894459,6,0
60,0,9.12687866401587,2,0
71,0,22.94791520340436,1,0
47,1,25.42645050633217,6,1
71,0,5.333073928459608,7,1
26,0,1.7902457450581537,10,0
40,0,37.53026431777229,6,1
5,0,26.781847328057456,7,0
21,0,16.67871122370898,6,0
78,0,21.91770871989139,8,1
4,0,47.88940032084048,2,0
23,0,19.307197218506136,9,0
84,1,5.263613410023276,9,1
15,0,23.23374876021085,9,0
93,0,32.43761383655563,7,1
8,0,0.7044444933845867,9,0
41,0,16.68379394475751,1,0
19,0,19.736369564509445,3,0
46,1,23.239370803620893,2,1
28,1,15.15404126435532,1,0
91,0,33.379420697447074,5,1
68,0,47.24099026391803,1,1
15,0,45.708508984381794,3,0
99,0,33.25323139896993,6,1
37,0,25.39351490059808,6,0
1,0,41.3081748094388,3,0
67,1,41.81326567414232,4,1
24,0,41.49569533570278,7,0
27,0,7.976512299683045,6,0
40,1,1.3690738339608146,2,0
63,0,49.1613511464307,9,1
61,0,47.98674436647661,6,1
36,0,28.262485198349278,2,0
98,0,49.6538794641963,7,1
93,1,38.55029753391624,10,1
24,1,25.91727115432718,10,1
24,1,19.527620250446798,4,1
4,1,29.683874153726556,1,0
67,0,25.838524873107414,10,1
34,1,49.69074608238969,9,1
57,1,24.573969768860927,10,1
49,0,41.81246220073915,8,1
87,0,40.699828774598245,5,1
53,0,3.6631730479389257,3,0
23,0,4.441637688800495,4,0
69,0,33.02452472858967,3,1
95,1,13.029489536091535,10,1
53,1,32.910599031385615,8,1
62,0,7.3168321262451474,5,0
41,0,19.91370453756962,8,0
57,1,5.21326628964664,1,1
60,0,14.176444533100401,9,1
54,0,4.506099646372796,10,0
70,0,48.53187489436418,3,1
57,1,19.813415882162527,1,1
10,1,45.069319518119485,3,1
40,0,48.56147127453953,2,0
7,0,45.48717674036584,7,0
38,1,22.80248725187382,10,1
85,0,38.966975149344655,4,1
61,0,7.769604239375795,7,0
84,0,4.832147429578519,3,0
3,0,43.85738324475333,6,0
51,0,1.6528952705920947,7,0
86,0,48.61913480976878,7,1
47,1,33.63948061519923,5,1
68,0,21.038689767890382,6,1
92,1,7.154628786414654,3,1
76,1,36.18923443264014,4,1
38,0,28.199276544727304,6,0
36,0,35.58523767158381,3,0
41,0,20.95431806088316,7,0
69,0,3.4063781447394934,3,0
13,0,15.817112807481275,9,0
87,0,15.819535585413071,4,1
58,0,0.5330900010492771,2,0
50,0,0.578092653436283,6,0
30,1,16.60483853130212,9,1
62,0,36.4084069014807,10,1
25,0,31.239782147802057,10,1
27,0,12.0269805706548,2,0
51,1,30.17785634339134,4,1
78,0,32.40414201841863,5,1
57,0,26.176239148967454,9,1
47,0,26.115563361822442,7,1
39,0,18.550418865825698,5,0
16,1,6.257378751286514,6,0
22,0,19.33564162251619,9,0
85,0,17.332182375726696,4,1
54,0,29.63943238451531,2,0
21,1,42.827382421453756,5,1
72,0,18.831220725535214,7,1
16,1,35.51579036719429,4,1
59,0,40.61033583707378,1,1
31,0,10.666400535166726,8,0
42,0,45.092343826297956,5,1
74,0,3.6152024151500934,10,1
32,0,45.09579500600477,2,0
59,1,8.265281342196586,3,1
34,0,16.92476318143235,10,0
9,1,30.30123748639135,10,1
81,0,45.293599951964175,5,1
11,0,12.859501884205239,4,0
96,1,38.20233828198212,9,1
10,0,35.55074683121938,9,0
86,0,8.069467230894139,8,1
17,1,24.025250834757966,2,0
68,0,24.127104149563845,5,1
48,0,15.30012955136684,8,0
52,1,39.01807369513619,8,1
25,0,46.30409923341762,7,1
21,1,35.85696568428056,4,1
65,0,48.65044117783845,3,1
63,0,2.6183767069724557,8,0
89,0,1.9574119859608201,8,1
51,0,44.70354800691302,10,1
36,0,44.90023844786046,5,1
81,1,5.445327175885329,3,1
88,0,17.93655784853934,5,1
66,0,41.786189447831376,4,1
15,0,6.514179807332129,8,0
96,0,13.444660823199433,2,1
39,0,34.08170223921186,8,1
70,0,49.09676281845209,10,1
1,0,39.87722811951257,6,0
23,0,38.88814937843793,4,0
39,0,17.19886691818773,3,0
57,0,33.10101927640656,10,1
81,0,5.743105617648317,5,1
34,0,49.61412495585661,6,1
41,0,24.081157455924114,1,0
93,1,31.976512626392484,1,1
73,1,43.82097774420454,10,1
13,0,0.14815159599384276,3,0
70,0,48.801523137055774,2,1
6,1,18.02204967729264,1,0
84,0,17.045577995651737,8,1
52,0,7.338660471023427,1,0
3,0,42.9234020731487,10,0
81,0,43.5548928397753,8,1
63,0,1.0974510473500239,5,0
49,0,2.880688521578485,4,0
76,0,45.92524886562016,8,1
47,0,6.231119800642338,8,0
55,1,31.084280451951248,8,1
64,0,31.020557463398962,3,1
65,0,43.499543721921846,8,1
81,0,28.675439860741353,1,1
67,0,21.757169424400377,4,1
90,0,48.72160105129317,5,1
15,0,11.517892252348602,6,0
32,0,13.209629082390844,5,0
96,0,4.330005774450538,5,1
68,0,48.768309176031714,5,1
18,0,35.347374420997006,9,0
83,0,0.7036446658209117,10,1
43,0,35.245269976193974,10,1
35,0,20.266391944573247,3,0
78,0,48.38072961759354,2,1
58,0,13.941636357903413,10,1
33,0,35.54328830182353,2,0
14,0,31.408964103682347,8,0
34,0,0.7012937473228104,5,0
61,1,44.27232477368544,5,1
4,1,7.066671751613027,6,0
88,0,33.21308007199187,9,1
59,0,38.799867694635026,7,1
29,0,31.583289560273204,5,0
83,0,4.945981988931579,5,1
6,0,48.76143889910909,10,1
97,0,11.917213934608995,9,1
49,0,31.430452020199063,9,1
40,0,39.87918510723943,2,0
83,0,46.967876894334935,7,1
65,0,30.2401254098698,10,1
69,0,13.02680204323947,1,0
27,0,41.848286968607624,4,0
80,0,8.244676300908568,2,0
6,0,1.2118931607464238,10,0
13,0,45.416628036275846,9,1
64,0,28.81190900692484,6,1
62,0,3.5751103914848006,4,0
99,0,29.028496417437964,3,1
19,0,7.3362069992901855,4,0
76,0,1.6661617192035667,2,0
80,0,5.9145499697886335,5,0
43,0,38.777860682447916,9,1
74,1,37.80747915019863,6,1
89,0,30.25547493227263,2,1
20,0,10.545481666649005,6,0
95,0,36.9744565831859,9,1
68,1,20.461458834031877,4,1
44,0,25.58660549460437,1,0
23,0,44.89227059698344,2,0
2,0,22.94709043453246,5,0
22,1,31.355671077189385,10,1
57,0,48.091399442711605,7,1
72,0,22.62435595181647,8,1
7,0,28.080322119815243,3,0
78,0,29.262289781684053,9,1
56,1,12.11150678775044,2,1
67,0,36.872410907919324,4,1
16,0,36.359187710864994,4,0
83,1,10.756481400634533,6,1
51,1,0.7655684372421796,10,1
82,0,49.94718437136581,6,1
80,0,29.121227874738416,3,1
72,1,9.133498914562466,9,1
97,0,14.2499175774825,5,1
12,1,30.927822906234084,2,0
53,1,6.96701749429921,6,1
75,0,1.9603037917369275,3,0
5,1,39.9441437392917,8,1
27,0,35.82072759316065,3,0
12,0,15.549122241835876,5,0
17,0,3.018719750951,4,0
6,1,24.364918451319074,4,0
97,0,13.88169586728539,2,1
5,0,19.949182943951023,8,0
57,1,13.771070384142583,3,1
28,0,8.845854234303623,4,0
78,0,19.410790363135803,6,1
69,1,48.248216761542984,9,1
59,0,13.384770563797355,4,0
33,1,16.86473553794453,3,1
62,1,16.52917747287907,5,1
50,0,24.06641210754796,9,1
19,0,42.1909263857599,1,0
86,0,20.16591731832729,5,1
69,0,40.32678340524879,4,1
66,0,5.839104260683603,5,0
94,0,44.75586951363745,7,1
47,0,9.346673767844335,7,0
39,0,2.05615480421812,7,0
68,0,8.00188857081546,1,0
33,0,9.618414585403531,9,0
13,0,25.474355967906618,7,0
84,0,22.55192080837748,4,1
54,0,35.82213340489226,4,1
7,0,2.6424591811038076,2,0
79,0,24.935541943666617,6,1
87,1,16.690314223476705,10,1
14,0,31.572245971341324,3,0
87,0,2.28061623383842,1,0
19,0,1.8432469650161525,5,0
54,0,21.419854909675202,6,0
93,0,40.585840012155444,5,1
20,0,33.587593800350206,5,0
29,0,0.933633986387139,10,0
24,0,9.005757501284705,8,0
82,1,11.413900079420404,10,1
63,0,21.210640484505216,1,0
74,0,29.377112627697798,8,1
57,1,10.901362677474754,7,1
8,0,19.187459801167655,1,0
90,0,29.238775360288834,9,1
62,0,19.233421664692287,4,0
29,0,7.244154127093145,7,0
74,0,24.633890164357357,3,1
17,0,16.26731037809489,8,0
66,0,43.2229992914863,4,1
6,0,38.803682913882334,2,0
58,0,9.594727102461102,2,0
69,0,7.716525987409134,8,1
28,0,17.449065998393554,8,0
62,0,20.66750757213526,1,0
41,0,46.60770575110393,6,1
69,0,15.150874780558116,9,1
82,0,43.39245921312773,9,1
90,0,25.314933039750414,2,1
84,0,44.29262390531375,8,1
41,0,35.127493488696466,8,1
49,0,35.44860950865751,4,1
91,0,25.987994626057777,4,1
49,0,42.031171674749174,5,1
76,0,12.795797781560612,10,1
71,0,45.37682844869176,7,1
3,0,31.875115166294766,1,0
10,0,21.991574184477034,9,0
98,1,49.11127618043629,3,1
89,0,43.11450393489084,4,1
35,0,38.62384854030181,7,1
80,1,13.767733306340297,5,1
2,0,48.68966095157664,5,0
24,0,37.175076391015196,1,0
74,0,30.300342473049174,2,1
38,0,46.097781527765314,5,1
22,0,8.192865928263545,2,0
26,0,7.0369010329374095,1,0
43,0,28.229299378098933,10,1
55,0,2.9300084719922244,3,0
39,0,33.232944407164084,1,0
91,0,12.112982791969428,10,1
29,1,6.039426239359261,8,1
20,0,20.533842904594753,8,0
91,1,23.35088635564163,8,1
41,0,8.607194708413948,7,0
54,0,2.172610020710996,7,0
20,0,20.7613740028168,2,0
19,0,38.00036416582265,9,0
84,1,43.72256855299098,7,1
99,1,4.967659877042075,5,1
66,0,26.281305604261632,4,1
30,0,13.2438091414386,8,0
53,0,18.79423009318304,5,0
34,1,46.67874730501933,6,1
22,0,17.668531169987784,4,0
67,0,18.33076191589851,2,0
6,0,10.548851704675064,7,0
79,0,48.00491905949019,2,1
27,1,22.878719097348142,7,1
10,0,28.56256748943247,7,0
73,0,22.713087805839848,1,0
97,0,12.72066193051682,10,1
96,0,40.53958939573525,10,1
48,0,1.520714171253376,3,0
70,0,34.54314716157552,3,1
59,0,29.75421324890769,6,1
59,1,7.2996044693685835,3,1
2,0,8.378661710604401,9,0
29,0,32.995356836253386,5,0
68,0,15.675725703997248,6,1
65,0,13.36033010046739,6,0
83,0,3.051889167310237,8,1
26,1,38.34750615720693,10,1
89,0,44.1453295715022,3,1
10,0,41.010233151114114,9,0
53,0,23.355102563051844,7,1
79,0,26.74442478817007,6,1
59,0,12.189582079835949,1,0
22,0,8.725451496997428,4,0
51,0,41.1677586270781,5,1
48,0,39.93737361118703,2,0
21,0,38.89025543900091,1,0
22,0,23.221629389241976,2,0
98,0,43.2389372661435,8,1
30,0,46.318980260605656,10,1
25,0,16.484382798206894,6,0
28,1,11.312255139839756,10,1
65,0,23.266725235721562,2,0
45,0,9.048385198062165,9,0
68,0,44.21174396848085,8,1
7,1,16.965725953880696,4,0
49,1,28.85097214837478,10,1
9,0,29.77650284576554,7,0
36,0,25.79789522926023,3,0
83,1,7.910632900212605,6,1
1,0,49.550931940659225,3,0
10,0,8.712901139132372,10,0
36,1,37.6002172924884,3,1
73,0,39.589007415352434,9,1
46,0,7.343669047227507,6,0
32,1,46.664859226339026,8,1
32,0,24.439162255123644,4,0
6,0,31.481259632527564,4,0
48,0,32.14508419613633,8,1
38,0,25.297260767055807,7,0
17,0,7.1869000016455695,5,0
74,0,37.61249255877583,2,1
27,0,29.131113172662264,6,0
54,1,6.022162701343436,1,1
50,0,35.04606623481707,7,1
35,0,35.16788671424388,9,1
85,0,27.469473660186164,5,1
25,0,4.618385633549244,5,0
28,0,17.696937153722793,7,0
15,1,2.641112970572378,5,0
4,0,23.93204133943693,10,0
93,0,45.33171188151277,4,1
73,0,0.21242383238489393,1,0
27,0,13.405268786816368,6,0
26,0,40.01296914728944,9,1
19,0,0.5920556076981652,4,0
92,0,0.6076545085957346,10,1
17,1,30.579847446110517,4,1
43,0,39.48106786424936,5,1
41,0,38.84762033158687,6,1
42,0,39.00094323538942,3,0
50,0,18.11421660640152,9,1
84,0,44.14793479929549,1,1
40,0,0.7404965096971711,6,0
39,0,15.67821796493779,6,0
23,1,16.92566597228596,8,1
96,0,8.361999178395102,5,1
52,0,16.877676052305752,9,1
47,1,29.335618089600242,9,1
63,0,26.061937703599387,2,0
97,0,16.03942519336854,5,1
69,1,37.49144293275453,7,1
43,0,35.76804986404658,2,0
48,0,14.106754206313976,7,0
34,0,16.229096799618084,9,0
40,0,14.447257911743169,8,0
75,0,6.529673208909655,10,1
61,0,37.663803983746654,9,1
50,0,2.409197874710928,4,0
67,0,7.613966655760796,8,1
62,0,5.354695435617587,9,1
58,1,41.284414878664286,10,1
33,1,2.2960249177988743,2,0
75,0,33.26490176683629,10,1
16,1,2.319282460699094,3,0
82,0,39.343525855697784,1,1
94,0,45.64443291104805,1,1
48,0,24.393473975144616,10,1
10,0,40.24663587051355,6,0
82,1,35.349885589226396,1,1
38,0,39.80220107945601,5,1
19,0,38.362082456346826,6,0
36,0,10.347857398562724,9,0
59,0,25.027994606724,6,1
63,0,48.02466793760665,4,1
77,1,17.242293934616434,1,1
46,0,48.527305822789515,6,1
3,0,29.19976940054342,7,0
74,0,23.134409741522294,5,1
65,0,32.92209750480749,6,1
91,0,40.81037464176691,10,1
8,0,19.770986927052387,8,0
51,0,1.7444133382204332,1,0
81,0,35.46943426872353,8,1
73,1,47.812722546419515,2,1
6,0,31.286833848789268,2,0
89,0,9.501882479419118,8,1
39,1,12.487302355837407,2,1
60,0,45.496560859705575,8,1
28,0,0.7767485706630847,5,0
97,0,27.48245860662453,9,1
54,0,8.018014495178393,9,0
37,0,14.209945317332261,8,0
9,0,15.41838430971368,9,0
82,1,11.042209112142546,7,1
56,1,39.63836792903717,8,1
59,0,16.677237781540065,6,0
85,0,17.339701064150347,9,1
2,1,22.70504000330361,2,0
61,0,45.12453490814708,3,1
58,0,34.43983429813148,2,0
60,0,3.181310237972107,6,0
40,1,2.059169859725048,3,0
36,0,28.36282255589357,1,0
37,0,44.36432203018767,4,0
79,0,16.2302486524295,5,1
92,1,12.463814262218204,4,1
18,0,37.43473316112265,6,0
98,0,30.14435918684439,3,1
63,0,28.294864383604573,10,1
22,0,7.550129837262701,6,0
11,0,8.880469801183182,10,0
58,1,14.16121001860881,1,1
57,0,10.421262840628652,6,0
77,0,48.57509277781716,8,1
4,0,1.0286897161722524,10,0
86,0,31.340211287623273,8,1
7,0,25.92818136128437,1,0
61,0,16.230236671331973,7,1
54,1,44.39067673398837,10,1
88,0,33.54111261921018,10,1
68,0,49.917882131029,4,1
92,0,8.515932370391619,6,1
79,0,4.484605009804654,6,1
1,0,7.055923646570562,5,0
55,0,13.537619282471352,10,1
3,0,20.89767087924101,9,0
78,0,43.14390392159695,10,1
38,0,14.251229139811441,8,0
1,0,45.770641170381346,6,0
38,0,23.199093651395362,4,0
85,1,32.388793925095236,4,1
29,0,13.293944931391943,9,0
5,1,7.885089419574542,4,0
74,0,43.485901338836655,7,1
92,0,5.564358407956179,6,1
21,0,38.72366315777443,2,0
71,0,29.091116873235187,5,1
67,0,43.07077530577456,3,1
47,0,35.91913876369904,9,1
84,0,14.155038695365935,10,1
83,0,28.763937103138083,1,1
35,0,0.7523736183118195,10,0
68,1,23.813395284384207,4,1
69,0,4.39208041504458,4,0
1,0,21.50435539073545,9,0
68,0,5.569629219133992,1,0
12,1,47.77844236657621,2,1
60,0,26.201091074645618,1,0
27,0,45.6695774653045,1,0
56,0,1.2160745259917158,1,0
23,0,31.918898865706705,3,0
25,0,15.417029646138348,4,0
21,0,21.64826689866529,10,0
61,1,43.667061021213016,2,1
63,1,49.00305262846136,1,1
52,0,12.399948526224282,5,0
88,1,47.41783893912975,6,1
25,0,34.467474749197784,2,0
55,1,47.57555432642781,3,1
46,0,28.16211323119838,10,1
32,0,48.04173862107438,3,0
55,1,44.633527361556936,2,1
96,1,6.516727887149757,4,1
5,0,15.60841736237635,5,0
36,0,12.228853256474341,8,0
49,0,28.647756369907828,6,1
58,1,40.15969163214567,9,1
39,0,37.99463119965537,3,0
80,0,36.364781700945485,10,1
97,0,18.825717299205735,9,1
85,0,7.067880393228614,4,1
61,0,10.608119326067103,8,1
9,0,37.1097052364518,10,0
6,0,7.461963519072206,7,0
35,0,11.225040576182701,7,0
39,0,21.28517737838721,9,0
22,0,3.698410291304403,10,0
41,0,10.713333832429477,2,0
5,0,7.573429554327705,5,0
42,0,47.57095696730084,3,1
87,0,9.657141688689968,7,1
81,0,43.102308537502644,3,1
76,0,5.828429744203758,5,0
87,0,43.49668930189512,5,1
80,0,30.011745935046136,2,1
67,1,42.50032556890844,1,1
30,0,43.380699558014136,6,1
57,1,29.859039180303714,1,1
86,0,45.892938254411696,9,1
73,1,29.313869745082688,10,1
29,0,35.656997386130925,5,0
37,0,20.86241581072475,1,0
87,1,45.71197795410227,8,1
13,0,41.22571069171013,1,0
32,0,8.41898426968468,4,0
46,0,28.861753725214466,7,1
23,1,44.851683721438626,4,1
45,0,39.67391823358165,5,1
17,0,48.131383755000115,7,0
85,0,11.64195417868498,4,1
66,0,18.436235693210854,5,1
6,0,25.408875212104753,7,0
18,0,11.71019158436052,1,0
94,1,19.76285823392207,3,1
22,0,26.92320630077419,1,0
33,0,9.647826229766899,3,0
30,0,12.908722153258772,2,0
81,0,6.329640740458844,5,1
32,0,35.69773235329885,10,1
42,0,18.141441134153037,5,0
78,0,11.09128104387104,10,1
10,0,25.41547504412953,9,0
36,0,3.5056403536938587,8,0
34,0,46.1779896552879,3,0
73,0,14.793929305747486,1,0
28,0,44.33457097437472,5,0
11,0,24.931241259699885,3,0
78,0,42.522509835760964,5,1
39,1,12.42851559540326,9,1
47,0,8.846003051913376,1,0
19,0,42.48564898141793,1,0
15,0,10.724901730348373,9,0
28,1,37.33514793004905,3,1
24,0,17.294731353515658,10,0
72,1,37.43486694911455,5,1
9,0,45.39154867281768,9,0
47,1,49.083757721235926,5,1
33,0,18.05449291570481,3,0
62,0,18.439539148563256,9,1
97,0,49.07124806556424,7,1
19,1,43.090253701872115,7,1
67,0,2.350089398377764,8,0
74,0,28.71515431270337,5,1
40,0,9.144114100267071,2,0
47,0,49.7012255510516,9,1
65,0,7.032258317311587,3,0
29,0,28.011445865889044,2,0
50,0,33.29339866445624,10,1
98,1,46.859526267237406,10,1
13,0,42.37818975104493,5,0
1,0,12.363163089256371,8,0
34,0,28.673935169495977,3,0
93,1,47.68334049950358,6,1
48,0,36.81227067053639,9,1
77,0,34.4479837841567,2,1
48,1,37.769563856129714,8,1
49,0,16.19305883049221,10,1
64,0,36.48968824322149,7,1
61,0,11.719452097201104,3,0
29,1,21.462328268296893,1,0
39,0,44.50744797770647,6,1
88,0,1.0466602098885105,2,0
26,0,20.774500647592102,3,0
17,0,13.414406160279071,5,0
71,1,10.009621863031109,8,1
13,0,41.94491353147836,2,0
69,0,34.855278784964405,6,1
26,1,5.720372748532939,1,0
49,0,24.77371999240935,7,1
67,0,23.398598014172848,4,1
7,1,7.212136922067485,1,0
58,0,40.00815877946129,9,1
49,0,18.39703117556457,9,1
53,0,38.12069498050368,3,1
65,0,9.6839244926024,6,0
62,1,15.822165734530232,7,1
17,0,4.849030290363027,4,0
43,0,7.259615560305849,6,0
25,0,44.170856168601375,9,1
3,0,5.544720944860319,10,0
79,1,4.876987243568565,6,1
29,0,47.02482781074933,7,1
32,1,32.330582637072304,6,1
26,0,5.13570757936553,7,0
16,0,48.58866527939596,1,0
25,0,7.440290524114526,6,0
54,1,38.340651691742856,9,1
28,0,1.8390829458153646,3,0
73,0,31.264635687256597,6,1
56,0,27.380523217934503,4,0
65,0,10.479390140222526,7,1
93,0,32.19299252174877,7,1
86,1,30.890944359551693,9,1
80,0,39.93775060165244,4,1
41,0,43.80611552416222,8,1
51,0,25.554236538612948,8,1
71,0,24.565730154859647,8,1
78,0,31.11762897014042,8,1
29,0,36.48745870256767,6,0
83,0,17.872941504849543,8,1
19,0,25.2816299799748,6,0
66,0,29.29669887257635,10,1
41,0,49.420066383411964,2,1
45,0,29.42683860315024,3,0
15,0,11.286908882038608,6,0
3,0,29.44069392618901,7,0
11,0,40.993029189156005,4,0
53,0,42.88444363255842,1,0
46,0,40.032497684191284,4,1
30,0,44.42164982291321,6,1
57,0,16.80484045976846,8,1
18,0,25.427773985537836,4,0
51,1,39.00159569077644,10,1
48,0,13.296052542879009,1,0
66,0,18.641913748799883,5,1
96,1,41.574667162345,7,1
8,0,38.527273916062114,6,0
22,0,48.56285843901284,3,0
6,0,49.799105519881046,7,0
76,0,12.113152893871813,4,0
57,0,45.0324543100663,5,1
36,0,4.81632351736845,7,0
79,0,35.51903042730637,2,1
92,0,11.08295944500999,4,1
57,0,15.085526730435879,4,0
49,0,47.321426765460636,6,1
45,0,13.231246713037175,7,0
82,0,33.69157567111545,4,1
66,0,8.988612542376483,10,1
77,0,4.760159880767332,1,0
45,0,17.031919564658835,1,0
79,0,31.247385429395116,5,1
20,1,12.47246267332865,1,0
64,1,15.078423053716532,3,1
93,0,35.46561794846211,9,1
93,0,5.229521546770314,3,1
67,0,22.40056408099502,3,0
83,0,47.09255304112298,9,1
3,1,19.908885954469827,5,0
54,0,21.766631296074223,8,1
78,1,36.93639475000372,10,1
64,0,38.97267494943906,9,1
40,0,38.50335885004817,6,1
59,0,49.89356454318725,7,1
55,0,3.6654092656041595,7,0
62,0,49.11443890318667,7,1
4,0,47.5144618881702,4,0
60,0,42.62173112295195,2,1
75,0,22.760866235016884,2,1
95,0,43.55802834453283,7,1
96,0,11.119537374074149,10,1
91,1,39.60362618585273,7,1
30,0,9.343391325740601,10,0
2,0,40.78656397321187,7,0
62,1,30.76500374987644,8,1
49,0,4.991760847724923,3,0
9,0,44.77644581232554,5,0
92,1,28.940064053216695,6,1
31,0,32.84678907904202,8,0
98,0,14.24715077901534,8,1
61,0,43.594611645748046,10,1
79,0,27.305516684162818,3,1
48,0,21.113902186146024,4,0
25,1,26.760659086893043,6,1
36,0,35.195322765242054,4,0
8,0,34.78288899739358,10,0
73,0,17.943097337794853,4,1
58,0,19.3243881773024,5,0
45,1,28.155685822637516,10,1
62,0,46.2279153237777,7,1
39,1,37.296970321602174,2,1
96,0,19.58170776974128,2,1
58,0,16.91792806493288,10,1
81,1,26.229470039451996,9,1
99,1,43.51256930883827,4,1
83,1,0.5330941556341718,5,1
64,0,35.553254807649246,3,1
44,0,14.79616154634457,2,0
29,0,10.499034262786877,10,0
59,1,0.7056860411562674,8,1
71,0,44.8398719692113,4,1
92,0,45.621198653321386,1,1
9,0,3.164730338026624,6,0
92,0,26.138584620262893,6,1
6,1,7.7134654878131315,2,0
29,0,37.95850897694888,2,0
58,0,33.30303444113073,8,1
17,0,14.9268275664617,7,0
16,0,5.9363180239142315,2,0
87,0,41.57791107408869,10,1
95,0,33.745198716314064,1,1
3,0,0.44031525562738394,8,0
21,0,31.430801868711654,10,0
64,0,40.53377178204766,2,1
90,0,29.579326172866494,5,1
36,0,21.293212466168313,6,0
86,0,29.23752708926152,10,1
62,0,31.02363163169263,1,0
42,0,32.03772773471233,2,0
76,1,48.35554818982774,10,1
42,0,9.01452459916208,4,0
61,0,31.192347052963896,2,0
13,1,9.480866649521253,6,0
11,0,10.576840340425688,4,0
54,1,33.495968396997604,3,1
16,0,45.80610884010194,6,0
8,1,8.036307930252155,9,1
59,1,48.12703013444566,8,1
57,0,16.03667906820983,2,0
40,0,19.626570768494325,3,0
59,0,7.768673114547992,2,0
2,0,30.830221681997354,10,0
94,0,29.861382681735968,7,1
94,0,22.169260180822196,9,1
76,0,23.85696035522836,1,0
10,0,31.18649620176585,3,0
44,1,29.216477094721483,6,1
11,0,18.775742744255737,4,0
79,0,44.21730782646335,10,1
80,0,33.41626010405506,10,1
81,0,10.349775896930455,1,0
90,0,16.063159375935797,9,1
2,1,39.415117274992355,7,1
50,0,5.315816512902962,7,0
12,0,37.53657673634242,1,0
90,1,18.006237813175186,9,1
23,1,27.629383200810935,8,1
18,0,14.099850046924697,10,0
62,0,49.324182933839346,5,1
96,0,45.30143057790098,4,1
62,0,46.429646863518165,1,1
38,1,9.320298347078081,9,1
67,0,42.10033578849208,8,1
38,0,26.8163153411021,2,0
67,1,35.42217409365457,4,1
94,0,10.953452930348275,4,1
61,1,35.628033834362874,7,1
1,0,45.72193550415758,3,0
94,0,13.447321153855114,8,1
45,0,11.744656592320377,7,0
96,0,5.310285968826539,10,1
28,0,13.413653098051885,4,0
21,0,26.836033864599063,9,0
13,0,41.652542942734264,6,0
27,1,14.012133106616208,3,0
7,0,31.095105014558744,7,0
22,0,24.03157588873469,6,0
74,0,14.500094126826804,8,1
53,1,25.5669181516129,5,1
79,0,8.481323580154271,6,1
79,0,32.01492023644106,1,1
4,0,5.871569787074148,8,0
96,0,36.575928204647084,1,1
23,0,8.967862651436809,3,0
70,0,49.9081417505119,2,1
88,0,41.20126247854456,6,1
84,1,17.257631162600145,8,1
84,1,21.367618137236686,8,1
76,0,13.033631953273652,7,1
33,0,38.37901660288196,7,1
28,0,19.098275800892925,8,0
8,0,37.78375693999483,5,0
1,1,1.0182375785410103,3,0
37,0,6.867485879279327,2,0
63,0,18.31221930165817,3,0
22,1,5.534535816390176,3,0
70,0,30.096286815582417,7,1
21,0,2.6365217168527524,1,0
96,0,43.00217343000822,7,1
35,0,38.08926913792352,6,1
79,0,10.891198313474826,10,1
5,0,24.24121611587292,2,0
60,0,22.645472612704936,10,1
46,0,36.27074430548485,1,0
50,0,20.135294133677995,9,1
48,0,1.7434713617093016,2,0
6,0,13.759419356606948,4,0
89,0,23.3631706813284,9,1
56,0,48.72716158641588,9,1
59,0,44.06981748102183,1,1
29,0,9.152166585709303,2,0
71,0,36.19146943048948,2,1
77,0,46.8475911034379,2,1
18,0,0.538751390459403,8,0
2,0,36.075189116174215,8,0
8,0,23.02074143099675,10,0
75,0,34.04378619452725,8,1
97,0,30.318904751232335,4,1
54,1,49.2348081733395,8,1
38,0,14.511888774263605,7,0
48,1,39.32853479527631,8,1
27,0,11.80853042682175,1,0
20,0,21.836838079753626,3,0
12,0,48.77150561097385,10,1
43,0,38.33020117110621,6,1
61,0,15.859480688549596,1,0
31,0,31.006527226288302,4,0
91,1,2.579634966788472,9,1
96,1,13.393106339386387,7,1
61,0,35.947685431220364,1,0
74,1,28.547669122457414,6,1
67,1,23.53667536354094,6,1
91,1,34.57471539479656,2,1
35,0,19.98309865190932,6,0
95,0,1.405191612167414,10,1
15,0,22.10722851342681,2,0
16,0,45.11624669543375,8,0
13,1,42.84509490287465,7,1
35,0,20.508959551934694,6,0
75,0,1.2088498939430958,10,1
59,1,31.851732903753756,6,1
21,0,37.085601946364946,9,0
54,1,14.782754446605315,9,1
75,0,23.88553358101676,10,1
30,0,49.59365408286065,10,1
48,0,28.85951634778177,2,0
35,0,17.618637792512175,3,0
86,0,31.411694944342642,10,1
38,1,9.083113112517816,7,1
31,1,10.042693426401542,10,1
78,0,46.25374326422944,9,1
24,0,12.0360820543496,6,0
49,1,15.608390022865631,1,1
96,0,27.23448437429072,7,1
32,0,44.994661751852554,1,0
55,1,39.09429959697882,5,1
79,1,2.284817641426758,9,1
58,0,34.68218047802863,10,1
99,0,25.252667985931243,10,1
3,0,23.83008681591879,9,0
80,0,34.6087625045946,1,1
69,1,9.8919791063303,6,1
85,1,49.07628431671982,3,1
10,0,32.30079586059521,9,0
83,0,18.346243113131624,3,1
25,1,30.050090182701044,2,1
68,0,10.90189607815205,8,1
61,0,31.728709056262314,3,1
29,1,1.5080353228160879,5,0
19,0,17.124977379277475,6,0
43,0,37.40109314770057,10,1
66,0,40.41809467079558,10,1
74,0,12.720678724367005,1,0
61,0,27.016532117871325,7,1
43,0,26.47179519548699,7,0
25,1,21.130656714201347,5,1
20,0,11.498805839373627,9,0
48,0,35.19108883811576,2,0
83,0,12.69284791910143,5,1
87,0,45.560184284115124,2,1
24,0,26.47221442681328,2,0
11,0,43.53686903180003,9,0
98,0,14.608061768127781,7,1
55,0,40.37324989731073,4,1
28,1,5.771812886509625,8,1
69,0,38.36483406616893,4,1
63,0,19.408597911272583,1,0
59,0,23.552505432047482,10,1
5,0,8.423685280952682,3,0
51,0,1.0295216573671777,10,0
21,0,33.343254907101255,1,0
12,0,29.42714234168087,2,0
50,1,31.159164788275906,2,1
4,0,12.824587725543298,7,0
42,0,12.03994539786699,4,0
84,0,41.53178593233546,10,1
38,0,38.08651235440233,9,1
25,1,16.9058267804839,2,0
14,0,31.92650522718645,9,0
75,0,41.42468520802382,6,1
32,0,44.452589166675644,10,1
11,0,0.3897324193712074,8,0
61,0,40.69177341742274,7,1
18,1,17.5845774789216,8,1
27,0,35.94707641033121,9,1
55,0,18.63292809353998,8,1
54,0,30.351829431021343,6,1
82,0,32.37444375630033,8,1
87,1,20.309139268719683,8,1
75,0,25.687988023773467,2,1
21,0,36.3430372587665,2,0
44,0,23.86763290787362,1,0
5,0,0.7976262057498125,10,0
87,0,0.7439194301760369,2,0
41,0,33.099411417464744,7,1
59,0,42.37715311903434,3,1
89,1,39.28514952194842,4,1
54,0,15.588975066464856,4,0
74,1,23.60928146134803,4,1
22,0,11.784620931073182,2,0
83,0,49.45858054226696,6,1
65,0,13.099271818085573,1,0
64,1,20.871453483183394,5,1
71,0,34.08833467108273,2,1
4,0,43.81328171557372,9,0
65,0,2.668636634950113,2,0
15,1,15.120881833753359,6,1
76,1,28.492393813426574,4,1
22,0,30.953822760671557,6,0
86,1,3.5943691811430547,2,1
47,0,33.23752901831946,2,0
81,1,26.450411843867858,7,1
93,0,41.39860623017101,3,1
46,0,11.187239892794205,3,0
14,0,9.831846552591617,7,0
50,0,39.68752737420499,8,1
20,0,35.223069534086854,7,0
50,0,39.604500692825965,3,1
33,0,39.11851363730116,3,0
59,0,5.289633723939988,7,0
43,0,14.001294060227627,3,0
79,1,13.078248293208672,2,1
12,1,46.7359053427003,7,1
40,1,24.424582045112242,3,1
20,0,5.641750921730867,5,0
94,0,14.549937505907936,7,1
38,1,43.60789226097192,2,1
3,1,42.368612270449134,8,1
28,0,45.026940223682814,2,0
56,0,19.4875857595773,4,0
90,0,32.10291397835083,4,1
94,0,13.980878601778652,8,1
13,0,9.123184024503455,1,0
77,0,1.1928636887257593,9,1
66,1,11.249703389498539,6,1
37,0,30.25826943092442,4,0
49,0,45.22009464897896,6,1
66,0,6.757685605450544,6,0
36,1,45.90877689217556,9,1
54,0,17.334723220098898,4,0
26,0,21.398737539954606,8,0
75,0,18.312429169390466,1,0
72,0,20.489546181993227,6,1
40,0,13.033738144464493,5,0
43,0,34.960373447740785,3,0
22,0,37.93333720248133,4,0
20,0,41.173333253528014,8,0
8,0,17.130350209662357,10,0
29,0,38.25488186228696,2,0
40,0,31.920000338093075,8,1
90,1,47.9000127333356,7,1
30,0,21.296779818257527,1,0
81,0,49.61625542137939,2,1
84,0,37.045662097392785,7,1
55,0,38.83625997245397,3,1
16,0,1.382672519472084,2,0
46,0,24.920177731671213,1,0
62,0,26.464001944370057,7,1
7,1,2.12594508583792,3,0
80,1,15.675348052178693,6,1
45,1,47.786644613327034,10,1
59,0,21.36296067437077,8,1
56,0,9.416429029459541,6,0
48,0,25.715601480617767,7,1
27,0,1.784902303301216,6,0
53,0,25.84783612854578,7,1
87,0,29.753988470901383,5,1
88,0,17.948948691395014,9,1
73,0,38.15255228486863,3,1
35,0,6.872132442350167,6,0
51,0,43.92135215304676,9,1
84,0,47.776701028481966,1,1
37,1,0.16160277768413772,5,0
81,0,42.15181083615365,4,1
95,0,25.35464693047594,9,1
57,0,23.124141128541986,1,0
8,0,12.010087433031616,4,0
79,0,22.42151955147067,1,0
95,1,47.526314766543855,3,1
94,1,10.618302934323747,4,1
20,0,9.034157798693041,1,0
53,0,12.170625572566452,5,0
12,0,27.636526297429597,6,0
49,0,46.52196079012166,1,0
17,1,28.736691379186354,10,1
64,0,12.249775582630463,10,1
42,1,22.07857053453098,4,1
94,0,19.58096657610871,4,1
29,0,2.4238165461356194,1,0
19,0,25.581028241600023,2,0
11,0,6.3877186930203225,10,0
98,0,42.127977699985365,5,1
50,0,27.493249173865248,2,0
71,0,42.24586348260706,3,1
58,0,47.80662990016425,9,1
34,0,47.16509570843879,5,1
20,0,5.1114237819469315,1,0
50,0,47.24637187034535,5,1
88,0,39.80778566869655,3,1
10,0,38.905139452513474,1,0
32,0,4.597414159381953,3,0
52,1,9.057783643951595,6,1
15,0,48.760652657746945,10,1
84,0,10.74717084204919,5,1
3,0,8.535761175353292,1,0
37,1,18.181345773602448,2,1
40,0,45.67647425699103,5,1
72,0,23.862053831472124,9,1
40,0,46.037127582545416,5,1
56,0,16.783505142720262,5,0
23,0,11.403779396827266,1,0
11,0,24.810630141666675,5,0
64,1,30.81229682406824,8,1
8,1,19.635800030816448,9,1
93,0,17.366922428767136,10,1
94,0,10.981158310185007,3,1
56,0,13.822837634466394,4,0
60,0,33.68858636129981,7,1
10,0,18.556689576822528,7,0
39,0,4.079876381879322,1,0
28,0,6.993953958631478,6,0
49,0,18.681721500716428,9,1
36,0,46.23267124940831,5,1
13,0,19.013610056134418,8,0
96,0,3.1260396648385957,10,1
36,0,20.957913468212794,9,0
26,0,33.47399793861228,10,1
86,1,29.720447133916224,10,1
4,1,14.012267823062901,3,0
95,0,34.43563726012984,1,1
82,0,31.56815625588009,2,1
64,0,8.691431144565533,5,0
38,0,8.191035678055426,10,0
88,0,27.404435795190246,7,1
87,0,33.00598419969358,6,1
22,0,48.09933818452701,4,0
2,0,21.15433847351581,9,0
31,1,38.27046805962848,4,1
11,0,5.914385289839682,3,0
92,0,44.491490463050795,5,1
46,0,31.69206631580211,4,0
96,0,31.48861353442724,2,1
62,0,7.20788742823853,3,0
69,0,2.0752281033423077,7,0
64,0,35.10231198543252,2,1
10,1,5.941117302332871,1,0
40,0,6.435810459248241,2,0
24,1,9.45625730271455,8,1
99,0,4.977549508666161,8,1
44,0,31.30708676947231,10,1
60,0,21.158039811844542,2,0
62,0,13.378195011236457,6,0
87,1,22.093395078541676,7,1
17,0,42.22258610305347,1,0
65,0,46.36126231167744,7,1
95,0,24.425059618206735,8,1
95,0,28.380970464128843,9,1
57,0,12.934276523959655,8,1
55,0,25.728658893992254,3,0
53,1,37.43116838606809,8,1
56,0,24.657649456442858,3,0
98,0,15.173437749379568,6,1
9,0,29.143513926525458,4,0
22,0,47.338135941203646,7,1
13,0,44.41039431375728,8,0
89,1,38.48519472085527,10,1
48,0,13.88286066999393,6,0
18,0,12.153819410098428,10,0
76,0,41.94300577090013,4,1
40,1,9.147742056496908,8,1
17,1,30.320004243583515,7,1
15,0,22.002604184789917,10,0
15,0,23.45252471789067,8,0
79,0,22.781715786124284,10,1
63,1,45.00751232151064,7,1
39,0,4.446003119683203,3,0
13,0,39.16678232785932,3,0
81,0,41.76713231160664,9,1
32,0,47.14956964295916,7,1
9,0,22.684737751391797,1,0
40,1,25.053253075157144,3,1
20,0,48.06859660493174,1,0
90,0,22.976707941363234,6,1
91,0,25.227068801515266,2,1
85,1,16.679490477650262,7,1
82,1,1.6782097891640297,8,1
77,0,21.709422132898485,6,1
80,1,32.789056411284555,5,1
73,0,34.5283009396165,10,1
63,0,0.4247814795420142,4,0
76,0,40.07253346116415,9,1
44,1,24.671539145014492,8,1
38,1,26.085193533171026,5,1
83,0,48.09101003970133,1,1
60,0,14.294611816925313,8,1
71,0,38.10643424951155,8,1
99,1,28.781334659046315,7,1
48,0,35.06984323174611,7,1
18,0,20.949090843878103,8,0
16,0,14.032456194316993,1,0
55,0,27.351685023209832,3,0
39,0,18.809563202997083,4,0
68,0,11.22326782360023,6,0
59,0,41.977883790876746,10,1
89,1,23.843996590564434,10,1
96,0,42.381055485425875,9,1
62,1,23.754175960209125,4,1
13,0,27.884205115849163,6,0
81,0,49.76448404156635,9,1
6,0,47.580060180554476,9,0
83,0,13.657324546277843,6,1
77,0,43.44590378381617,5,1
60,0,19.581133836489943,3,0
90,0,3.6553120217285993,5,1
14,0,28.831472639787478,3,0
95,0,48.85488778676634,5,1
54,0,48.71825298156373,10,1
4,0,6.410622370307156,10,0
39,0,38.58470966423071,1,0
72,0,40.16136890808535,6,1
25,1,18.500364737401338,7,1
77,0,32.96389954130472,2,1
32,0,24.459157966033366,3,0
59,0,11.471865575725342,10,1
63,0,38.08708763312688,9,1
38,0,13.211360119839414,8,0
92,1,17.088342876778796,4,1
53,0,9.581918405281506,8,0
94,0,35.99163805905634,8,1
67,0,22.99033028614591,6,1
28,0,22.22432541646277,1,0
3,0,30.267687057811628,2,0
98,0,7.9474460176421315,4,1
80,0,44.91787909232539,4,1
22,0,23.308936916172957,2,0
96,0,18.38969024823329,9,1
38,0,6.4218613843691035,2,0
72,0,8.480914797933972,6,1
72,0,46.025979664301616,5,1
62,0,22.88518996664614,4,0
57,0,36.136977576027114,6,1
6,0,4.117765997660806,4,0
78,0,32.20888075191154,9,1
32,1,46.08380769763732,10,1
99,0,15.068176198986405,7,1
10,0,28.99911098560062,3,0
3,0,47.01693330536094,10,0
59,0,35.99419543485554,4,1
76,1,3.2100425689654575,1,1
49,0,18.998983648295898,6,0
59,0,4.380060528755691,2,0
31,0,43.07974805033879,4,0
93,0,31.12096879006041,5,1
69,0,47.823449067210895,8,1
62,0,1.0858408263717776,3,0
52,0,21.212059755709824,6,0
89,0,5.307768567265297,1,0
41,0,17.589342348733645,9,0
31,1,8.17815248549369,1,0
85,0,16.50680862367167,2,1
84,0,40.98117403562925,1,1
22,0,8.118896391486908,8,0
4,0,23.735871371914193,4,0
13,0,46.08699838962027,2,0
45,0,49.93908646392989,7,1
42,0,12.606991796936654,8,0
49,0,46.7848517212284,9,1
20,0,13.143295171971172,5,0
77,1,20.735072099281307,3,1
81,0,43.90838825044304,1,1
54,0,39.33018763571998,8,1
36,1,42.88862910546439,6,1
97,0,40.032808297292085,5,1
1,0,11.829544150001063,7,0
15,0,27.983876259987046,5,0
77,0,19.324010846259906,4,1
17,0,23.039577325573596,5,0
24,0,7.782419475969174,7,0
58,0,15.856801205336009,6,0
72,0,42.89659135896713,10,1
91,1,44.888164653319585,10,1
23,0,30.546638886567017,9,0
46,1,24.963536124337566,10,1
72,1,35.67070043865009,2,1
8,0,30.481777186087893,7,0
59,1,49.1853828167559,1,1
90,0,9.585430728993742,8,1
59,1,22.507331839699432,4,1
13,0,45.920201064049124,8,0
39,0,45.74537928943536,8,1
28,0,24.81780764340256,4,0
89,0,6.826969199868935,4,1
61,1,40.76640257789583,5,1
16,1,29.299742806517045,7,1
2,0,38.68098419127711,6,0
82,1,23.179929207388454,1,1
17,0,10.273807704647647,6,0
30,0,1.2970714332280895,3,0
13,0,28.000999615103634,9,0
96,0,8.136204326191319,3,1
93,0,9.43814670903129,9,1
94,0,21.871650984762503,5,1
82,0,22.159645964601,10,1
13,0,13.791915801264693,8,0
43,0,6.682918200331076,9,0
85,0,47.253142315934646,9,1
94,0,6.66886673232517,7,1
21,1,17.60355197159636,10,1
55,1,15.312912831111566,1,1
81,0,43.33026105823174,8,1
40,0,20.56211617908067,7,0
83,1,6.289770611794778,4,1
15,0,0.6120253173843198,6,0
73,0,36.12528521337879,10,1
52,0,35.75360451913573,2,0
74,0,20.947405198530063,4,1
95,0,6.4027692155849465,8,1
53,0,18.64452724738012,4,0
87,0,29.53513430075984,10,1
52,0,35.22675279616137,4,1
30,1,4.004170632470382,4,0
33,0,27.859742783672484,10,1
57,0,13.878591514562064,9,1
52,0,30.901587727968767,2,0
9,0,32.44219213095157,7,0
54,1,45.539124718558455,3,1
1,0,20.577880931909103,4,0
44,1,26.925773940752347,1,1
99,0,13.483934625749413,3,1
75,0,14.399195504841856,2,0
98,0,2.3970856999119894,10,1
80,0,14.374840220695464,7,1
9,1,3.2850516105738294,6,0
32,0,48.1993979502329,1,0
15,0,31.250735445267615,8,0
12,1,8.740113203196074,9,1
97,0,5.926641355034722,1,0
78,1,18.56911876182942,5,1
57,0,15.451601498480183,7,0
8,0,14.034813567631204,2,0
72,0,23.46298264205796,6,1
27,0,45.65240476452553,8,1
62,0,28.44570769471118,8,1
12,0,26.109452078872298,10,0
65,0,40.34676691453679,10,1
42,0,0.3008281186847691,8,0
62,0,9.94954489084615,6,0
11,1,24.85967812600292,6,1
43,0,35.294922120051126,3,0
95,0,24.302906927487953,2,1
17,0,8.26942746691377,5,0
97,0,46.50614260131266,9,1
32,1,16.50039004216172,4,1
93,0,39.43196250158575,5,1
85,1,44.58152539642088,6,1
85,0,17.387823946664458,6,1
40,0,42.281057888372224,4,1
23,0,35.56760679002319,4,0
56,1,45.2236137494341,8,1
6,1,12.640404015976584,5,0
86,0,46.57075254629996,5,1
50,1,3.358793185829521,9,1
37,0,39.70419713675188,4,0
64,1,21.83968453301147,7,1
54,0,8.976709345962735,5,0
72,0,4.062207459623711,9,1
49,0,19.53842094355701,8,1
99,1,19.527263694153397,8,1
11,1,11.574873476918572,10,1
88,1,10.854218377806857,10,1
49,1,20.03576347253612,3,1
21,0,20.56468277193735,9,0
66,1,22.174003478243296,8,1
63,1,43.451093397715624,3,1
83,0,30.601599870495598,10,1
28,0,1.1196149869690981,1,0
17,0,26.003052163932967,5,0
6,1,38.146319669689156,4,1
19,1,2.9150739015614078,8,1
56,1,21.18813317577792,6,1
28,1,22.615386148552595,10,1
66,1,47.70562057155521,5,1
38,0,23.83662929376972,9,1
37,0,37.520023106843894,6,1
68,0,15.214812055931736,3,0
86,0,38.98740189430273,6,1
90,0,16.200852088217296,4,1
49,1,21.55817700851599,5,1
43,0,24.026165662803724,6,0
36,0,46.325512173958764,9,1
58,0,2.767332035462891,3,0
13,0,9.923670835439278,1,0
52,0,35.31656303525544,2,0
58,0,28.921125228110242,8,1
32,0,12.651416381707294,4,0
81,0,14.53112428580114,7,1
60,0,18.42874333187313,2,0
83,0,22.57231277158339,10,1
58,0,40.91956343031362,8,1
99,0,0.7893922759509324,10,1
56,0,44.91118508655257,9,1
28,0,20.710052870413257,7,0
1,1,11.601826126564013,10,1
42,0,25.469793706414528,1,0
82,0,33.01753513070896,2,1
48,0,2.333135737760815,9,0
40,0,35.81728984813752,10,1
97,0,38.06198326043474,7,1
63,0,8.392495987738624,3,0
76,0,8.477283276007453,5,0
72,0,10.268849271589755,1,0
88,0,39.85177273215846,10,1
80,0,13.672952490966336,3,0
4,0,39.81719831891229,4,0
38,1,27.072140561048567,4,1
27,0,38.38184937557325,7,0
9,0,27.728284779812583,5,0
16,0,16.85486807066836,9,0
56,1,45.5446357186371,7,1
76,0,35.793253526687465,2,1
31,0,24.254334645532012,8,0
88,0,31.907680971125945,2,1
14,0,30.83058345786275,7,0
25,0,17.969999203563077,5,0
34,0,21.246210164298137,10,0
67,0,15.98101320389272,6,1
24,0,49.9759547576311,4,0
73,0,29.045216253821028,5,1
26,0,4.693560522763367,5,0
20,0,26.003448466711614,7,0
64,0,2.5931020371248104,4,0
10,1,14.503737210816997,5,0
83,0,22.35345968721154,4,1
67,1,26.760097281435403,4,1
24,0,48.811451846439915,8,1
5,0,49.112864017827185,5,0
67,0,4.993661558327084,9,1
58,0,26.952820370868174,5,1
27,0,40.873758820086486,8,1
80,0,11.961869730612461,3,0
15,0,37.553098619564736,7,0
35,0,43.94309087967847,1,0
76,0,33.158121062169386,5,1
53,0,16.452397107371432,2,0
44,0,46.16430273509457,8,1
26,1,44.187652674341024,6,1
47,1,35.819683407822474,5,1
34,0,18.247038860514937,3,0
87,0,39.61562848350049,1,1
95,1,15.873838176956843,10,1
50,1,12.722347281545177,10,1
84,0,25.799168006872925,10,1
12,1,49.85704772756241,10,1
87,0,40.23566487756264,8,1
4,0,36.516657332704355,5,0
87,0,22.655436060029466,9,1
48,0,15.66630545837222,7,0
55,1,42.809448081210746,1,1
1,0,28.42986572105286,1,0
89,0,40.681422060982754,7,1
66,0,24.438910107591834,7,1
30,0,37.722478951203804,9,1
3,0,43.40027882771757,2,0
21,1,19.630362320852978,7,1
89,0,0.7771215382103944,2,0
84,0,12.82083564444336,10,1
49,1,45.75426055011201,10,1
86,0,34.40835880155932,2,1
85,1,36.887213950203325,5,1
62,0,16.33190185184453,9,1
97,0,35.093521935282254,9,1
38,0,32.34947905593032,10,1
15,1,9.000845807503746,1,0
52,0,48.43766979378916,7,1
79,0,17.765877108052226,10,1
46,0,16.53141999461811,10,1
25,0,18.52116105708688,3,0
21,0,4.676808804506389,10,0
88,1,31.28567950295147,10,1
5,1,12.0073497629452,1,0
70,0,40.185306543570626,2,1
47,0,19.768393388683897,6,0
87,0,22.982068266303536,10,1
68,0,32.356460500366396,2,1
91,1,38.11736958429159,2,1
18,1,11.632653711920774,4,0
21,1,48.31808705293549,3,1
92,0,31.153845143737392,8,1
99,0,0.38136731266934,8,1
86,0,20.8395482751852,6,1
23,0,21.89720924947464,4,0
64,0,40.47733230112241,7,1
67,1,15.326474728613142,9,1
40,1,16.628203163118677,2,1
10,1,3.6176552333431387,6,0
89,1,14.248946623838156,7,1
52,0,35.876388904143916,1,0
72,0,31.774370286034998,6,1
75,0,4.161564991593913,8,1
61,0,5.82322521652767,7,0
64,0,18.90860559986289,2,0
5,0,37.21351233083639,2,0
53,0,41.66262207861863,4,1
55,0,0.8297397461998686,5,0
37,0,16.517627807639297,5,0
56,0,21.27066699506589,2,0
59,0,45.56552725844379,7,1
93,0,25.120187229701198,8,1
69,0,13.55806818575962,2,0
73,1,19.563348551675855,4,1
59,0,21.878078630587886,3,0
2,0,33.53279408911099,4,0
65,0,2.150280370074518,5,0
60,1,19.53363798491508,6,1
51,0,32.363076382031124,2,0
30,1,14.237783536683432,10,1
11,1,29.62837523254129,6,1
92,1,17.928218612191802,9,1
76,0,37.9601712885881,8,1
39,0,3.123825053478424,1,0
90,0,45.90630283699768,9,1
77,0,8.663466142653883,10,1
72,0,8.011499628792523,2,0
63,1,42.04808294418331,1,1
64,1,43.47721785889205,6,1
61,0,4.7393683409454335,1,0
54,0,45.44507450794402,6,1
92,1,13.737563549775915,2,1
94,0,30.96922210186197,7,1
73,0,3.522815171353998,7,0
95,0,19.094988946297228,4,1
58,0,22.59115799431644,2,0
85,0,30.031345810879895,7,1
56,0,26.31107137358184,1,0
34,0,23.12849877843047,2,0
31,0,47.98604656710284,2,0
52,0,9.33263657168918,1,0
89,0,7.983912109268742,9,1
76,0,35.69961113894352,6,1
1,0,3.820139055024583,3,0
55,1,24.19628365411441,6,1
22,0,24.254250645695137,7,0
40,0,15.570264014858658,3,0
1,1,46.529142709841864,4,1
65,1,14.198917411290969,10,1
63,1,14.493253416688502,1,1
54,0,11.791568214763684,6,0
42,0,7.374822957506096,6,0
21,1,18.264151661887794,9,1
79,1,34.076274274021465,2,1
81,1,37.133926852260714,5,1
22,0,40.68960392989098,5,0
38,0,9.957440037724773,7,0
99,0,1.878071143162515,5,1
80,0,48.736824338570756,10,1
8,0,0.8151927123927839,4,0
62,0,48.03787401410712,10,1
47,0,41.457839493718815,2,0
17,0,45.61253057515431,8,1
17,0,19.420567059296186,5,0
90,1,9.940379742666561,4,1
13,1,30.36253789026069,9,1
17,0,37.08843341875269,2,0
38,0,6.629967209600561,3,0
81,1,39.90131358275825,8,1
78,0,10.50880666862664,4,0
45,0,24.634696916132153,9,1
6,0,42.83847424891983,10,0
35,0,9.751883101030357,10,0
14,0,12.170043934341097,10,0
72,0,3.2322807093096566,10,1
61,0,7.4160441779782085,9,1
15,0,7.411638407090297,10,0
54,0,10.25103235749146,9,0
27,0,14.381399813542696,1,0
13,0,40.76766988747919,6,0
31,0,45.79661682263776,10,1
35,0,20.37340240052462,6,0
60,0,6.49762670421671,8,0
6,0,11.26811526226698,7,0
69,0,36.83667824507575,7,1
86,0,33.9035334087232,2,1
58,0,48.363644350123955,4,1
49,0,0.8229851616946534,1,0
23,0,37.562862138089606,7,0
89,0,25.339100662603784,4,1
34,0,45.144379598330715,9,1
26,0,28.85071703893066,6,0
47,0,22.38871945062463,6,0
5,0,33.32594541370044,9,0
90,1,41.69281976483178,8,1
20,0,14.196677653625313,6,0
6,0,5.46559948483447,6,0
70,0,21.70760410413409,6,1
59,0,10.804541653305256,4,0
64,1,21.534104652220933,5,1
18,0,49.55330382266761,3,0
4,0,28.748692479323694,9,0
17,0,34.71065112005251,2,0
14,0,33.92862828082478,7,0
78,0,41.05297173067457,1,1
13,0,47.21201709086744,10,1
7,1,32.97502310058187,7,1
44,0,23.85712277318509,2,0
15,0,15.95976422625378,5,0
19,0,18.077687576180967,1,0
63,0,16.79058234539043,5,0
35,0,16.290828014567108,4,0
81,0,34.761787718666504,1,1
35,0,29.42668059459802,1,0
19,0,10.179552741394538,7,0
20,1,48.484338356393174,3,1
35,0,21.44350321618053,10,0
32,0,28.347711413297112,9,0
48,0,35.15978824280916,9,1
44,0,30.722501096177083,10,1
24,0,15.621483277870482,9,0
61,0,39.9055580170201,1,1
17,0,5.596666615023381,4,0
71,0,28.492892151713207,1,0
50,1,13.738529428403622,1,1
65,0,30.826542146883614,9,1
99,0,10.977874706110052,5,1
32,0,38.632762794945975,1,0
36,0,11.454062930165048,3,0
13,0,44.53056753484495,7,0
70,0,43.09158974304453,2,1
58,0,18.18343325548918,4,0
14,0,19.35243241481389,2,0
37,0,35.10502253860577,9,1
79,0,4.609639544826948,9,1
68,0,4.137878667566398,7,0
40,1,6.902577422013763,7,1
59,1,28.16751923894763,2,1
80,1,7.535215011071552,10,1
92,0,13.953102360471771,8,1
16,0,32.380879236256376,1,0
62,0,0.8796265140521052,8,0
4,0,9.093806736878145,5,0
45,0,46.50354007749761,4,1
90,0,33.21252340809478,10,1
28,0,15.347000599738351,2,0
96,0,2.3606408606523135,3,1
66,0,29.34383553978011,10,1
31,0,11.221028863632785,2,0
3,0,48.012754392044826,4,0
8,1,34.37935165384355,3,1
24,0,48.70878192867069,5,0
15,0,42.460054980837185,7,0
43,0,24.203068018007976,9,1
31,0,33.51120106794177,5,0
73,0,40.624149057411074,8,1
45,0,28.951106234964897,2,0
66,0,3.168226298314138,6,0
8,0,23.575271062294192,8,0
71,0,6.615609206253331,9,1
57,0,35.770854082987505,4,1
80,0,34.06338289031635,4,1
99,0,49.64611878340046,7,1
30,0,31.477609109525975,4,0
74,0,40.02688332495869,5,1
18,1,13.487563759352744,2,0
69,0,17.06720435126939,2,0
93,0,45.85951019365408,10,1
39,0,37.784093755324676,5,0
60,0,32.79793182240212,10,1
98,0,12.775981859893708,10,1
43,0,34.95903864338574,2,0
45,1,44.34950588759337,6,1
23,0,11.616802979243355,6,0
69,0,35.33558500099958,8,1
94,1,19.745328274535684,1,1
6,0,6.026493905736936,7,0
56,0,38.19668775903073,7,1
4,0,8.440125780298386,9,0
93,0,12.71952404716953,4,1
23,0,39.16880783984674,7,0
6,0,37.13242600266942,6,0
32,1,12.78373499561531,4,1
18,0,47.054134255883724,10,1
15,0,10.842732731351855,8,0
40,0,49.68174852670521,3,1
96,0,36.92120361037683,8,1
73,0,19.686133758514995,5,1
74,0,6.604425412457949,4,0
84,0,16.093446762464723,3,1
6,0,9.76755172210593,10,0
63,0,31.129795366051564,7,1
67,1,17.907072141584038,7,1
11,0,14.820862336068464,6,0
43,0,37.88094626674677,3,0
17,1,11.606911799024136,9,1
96,0,29.385776939532683,2,1
4,1,9.810345031894926,3,0
63,0,35.76845052588147,1,1
68,0,31.293562039254574,7,1
81,1,39.927860407333846,2,1
41,0,3.5180040306576803,10,0
83,1,10.584261930300574,8,1
5,1,7.8075719916179365,9,0
32,1,9.609005890258256,2,0
86,0,5.2404025489887305,6,1
70,0,28.147886881660035,1,0
35,0,29.712227211822672,8,0
22,1,42.190138804141114,5,1
65,0,20.945135004543758,9,1
84,0,26.66599718241494,3,1
22,0,49.56607256461444,2,0
11,0,26.63906965962304,7,0
77,0,28.7214467788256,7,1
3,0,49.79627900238147,10,1
9,1,49.70705613434365,5,1
60,0,21.25911923530462,7,1
76,1,31.783846797187927,6,1
87,0,24.092045141078934,9,1
14,0,36.063701037694294,3,0
97,0,46.925487404556236,4,1
18,0,15.551999487826336,9,0
73,0,40.96187100490317,10,1
23,0,32.776961745521405,8,0
74,0,14.081221583583442,10,1
83,0,39.885252943281486,6,1
47,0,21.41393765795882,3,0
69,0,6.1078190565166155,9,1
47,0,49.671476228062886,9,1
87,0,21.339752015318716,6,1
30,0,27.123472114070452,2,0
25,1,40.417290365111654,7,1
28,0,48.04771914248468,9,1
98,0,43.65710371301975,9,1
25,0,26.300155069298174,3,0
74,0,27.330234169102454,2,1
78,0,14.116258136822179,5,1
58,0,23.193863620138277,10,1
94,0,47.34726022053985,7,1
41,0,36.37435310253895,3,0
25,0,0.6926618380024928,4,0
78,0,5.913688412954775,10,1
99,0,46.19818237089697,2,1
48,1,42.451094513487945,10,1
98,0,24.359606840845007,2,1
10,1,30.887216215276204,7,1
99,0,14.553335917998172,2,1
75,0,39.66225452981116,1,1
11,0,30.205540599783053,4,0
85,0,34.77180270225017,6,1
21,0,18.808000916648997,10,0
86,0,21.57885652492288,10,1
45,0,10.463335939926393,4,0
7,0,47.4078218917515,1,0
81,0,47.33319531729006,1,1
64,0,40.90578723727121,9,1
64,0,46.78420044803928,1,1
2,0,33.2998698237609,7,0
76,0,11.809128278223431,7,1
42,0,38.03450505740531,1,0
82,1,16.331282841160952,1,1
54,1,22.080036295990865,6,1
75,0,13.790073176382947,8,1
16,0,21.23873369429136,7,0
18,0,33.99793654626908,6,0
99,0,5.619467009120985,10,1
59,0,5.349825756751519,3,0
90,0,34.22012360319829,7,1
16,0,39.00110022205292,6,0
6,0,27.618187567147015,8,0
57,0,9.163886601966526,4,0
47,0,21.59476673321332,9,1
48,0,37.93295856696232,1,0
42,0,34.31808176746974,7,1
76,0,5.582287343186565,9,1
60,0,48.460444329816426,10,1
77,1,11.245857656228191,1,1
4,0,11.09743627856469,10,0
2,0,23.04687666249825,3,0
90,0,16.42943213710242,7,1
59,0,49.20090083335526,9,1
27,0,3.9168396853811855,1,0
27,0,15.391315627071549,6,0
79,0,19.19783580532207,2,1
72,0,24.72360378672483,5,1
7,1,0.9186807934747426,7,0
63,0,4.2098703772332,7,0
46,0,12.964701172217596,10,0
63,0,27.74470387611125,7,1
12,0,38.411801352654265,4,0
13,0,34.356117905865965,6,0
43,0,28.394543144858268,10,1
17,1,19.921918702410203,6,1
63,0,43.54765566258207,7,1
81,1,23.042649908587197,9,1
36,0,15.032714999885604,6,0
85,1,31.50382223111766,10,1
8,0,34.636538329656815,1,0
69,0,19.983665218456885,8,1
90,0,1.504349724191137,2,0
80,0,4.797161861811857,3,0
36,0,42.295384705493724,5,1
28,0,2.921741267146866,6,0
93,0,29.6417813854024,7,1
47,0,9.267098333924654,4,0
76,0,11.523421933084435,3,0
30,0,13.739364590835438,9,0
23,0,2.01074017123132,4,0
16,0,8.94404017960059,9,0
14,0,32.559949227245625,9,0
74,0,24.985985096779455,3,1
71,0,39.8867213783729,3,1
52,0,3.1559811169195275,8,0
37,0,44.45602498295639,1,0
29,1,49.82028674178369,6,1
67,0,0.885424615214271,6,0
15,0,48.38523927044267,9,1
47,0,11.869549377253898,2,0
46,1,34.65790259648124,8,1
52,0,14.69492381093582,7,0
19,0,26.13846264950127,2,0
77,0,25.569883640824674,1,1
21,0,18.1191634245087,4,0
64,0,35.905583737587854,2,1
37,0,30.021860444979385,3,0
27,0,25.463022496764466,2,0
55,1,49.143681664721,9,1
29,0,47.006465376747585,4,0
20,0,47.77624870510371,1,0
25,0,44.07806559418407,8,1
70,0,12.83225140384355,4,0
63,1,17.56380394581123,10,1
36,1,11.629625515320843,8,1
2,1,49.310226672420036,8,1
22,1,7.717827301198208,9,1
96,0,18.38893660238939,10,1
16,0,10.032316793495887,7,0
18,0,11.250345227994234,4,0
69,0,12.429685451680255,2,0
54,1,32.01956671044171,6,1
30,0,3.894863572557237,4,0
45,0,28.669240693826826,6,0
19,1,40.98238319057675,8,1
87,0,38.3495364525611,3,1
34,1,7.64346774428804,1,0
13,0,45.74511356546238,5,0
43,0,38.52751003209823,3,0
62,0,0.36459529554901837,6,0
93,0,36.894944313625345,3,1
22,0,36.89734176323773,1,0
52,0,24.891122418945237,9,1
52,1,2.394522558717973,5,1
36,0,29.03730632028924,2,0
73,0,38.31076332571203,2,1
19,0,13.61661536051793,9,0
38,1,33.38670409076419,1,1
70,0,17.76091713271466,10,1
79,0,28.735356161821336,3,1
57,0,19.289830896638072,10,1
20,0,15.257697154287175,7,0
9,1,42.81013232405901,1,1
32,0,37.71652913335029,2,0
4,0,17.337911785260136,6,0
50,1,21.78811891659893,9,1
82,0,34.616000551979766,9,1
5,0,40.57283115146641,8,0
20,0,34.24862901495315,3,0
87,0,27.092485876063655,2,1
75,0,47.72385301337046,1,1
37,1,38.72976662510403,9,1
22,0,5.8680338335253035,5,0
58,0,27.951141029721757,3,0
68,0,20.53687640564301,10,1
93,0,39.76728827586061,10,1
44,0,2.3286853894858557,5,0
34,0,20.595106141125164,3,0
77,0,15.981988135639945,9,1
42,0,7.1451806305279435,1,0
9,0,19.002325354446647,1,0
95,0,33.672733881405506,3,1
7,0,18.147726463123064,6,0
68,0,29.042328110083027,2,1
19,0,29.681308617371524,1,0
94,0,29.39684524019586,8,1
31,0,26.523641008815854,10,1
35,0,5.937712960551156,9,0
57,0,11.000950779022764,10,1
85,0,40.02334710492436,1,1
61,0,25.168037897243238,3,0
31,0,35.33320816023212,5,0
83,0,28.538463102616806,7,1
95,0,2.0306436995618924,10,1
53,1,39.83106707399324,4,1
32,0,3.309777306999569,6,0
66,0,47.1643851528128,1,1
59,0,10.847308393083283,4,0
10,0,25.669066558661463,8,0
2,1,3.273043319042748,5,0
66,0,44.75712569542448,8,1
60,0,48.99901870278374,1,1
88,0,7.399995885787375,10,1
17,0,14.859748470426636,9,0
96,0,0.8921336475130048,4,1
16,0,39.36957804917608,9,0
16,0,15.642070200802488,8,0
46,0,29.48298972015738,8,1
39,0,2.0570032138727274,2,0
31,0,35.8014673070699,3,0
88,0,26.517257771500674,10,1
1,0,36.276514275341874,9,0
11,0,39.4992592262331,3,0
85,1,4.553219022323801,8,1
4,1,28.946796827581935,5,1
71,0,32.53220729069293,7,1
26,0,25.88426582185525,4,0
50,1,9.2022289734296,8,1
12,0,39.800304474481074,4,0
95,0,49.87317060909596,5,1
81,0,48.466585596183286,1,1
97,0,38.89872529236384,10,1
75,0,20.963575367042434,8,1
92,0,16.931294842217106,7,1
96,0,3.520435375131507,5,1
65,0,20.872686557209352,6,1
47,0,7.886825026816771,1,0
92,0,12.791302203950819,8,1
53,0,44.60514998154982,9,1
71,0,48.42942901240983,5,1
2,1,47.43309412324144,10,1
24,1,9.748448723585206,7,1
4,1,45.05462099094261,10,1
19,0,7.16111451492323,4,0
26,0,25.432244373019877,6,0
75,0,32.218802026492234,2,1
40,0,23.1770969677109,4,0
50,0,47.59668802729875,5,1
43,0,16.727314882271095,9,0
75,0,26.41614538859337,9,1
67,0,3.8649517804352143,8,0
12,0,42.62600654590004,4,0
67,0,20.72683345760284,6,1
27,0,35.056552568040665,7,0
54,0,34.14405698936597,1,0
66,1,33.84551835242892,1,1
49,0,25.396220109996307,4,0
16,0,13.94818764833725,3,0
2,0,31.292218472213182,10,0
60,1,48.09339604017978,4,1
54,0,41.71406787172106,9,1
30,0,5.52753475453345,2,0
84,1,1.2570513391688491,4,1
38,0,24.99867070783469,7,0
28,0,38.813884650565335,2,0
25,0,15.763737403043642,8,0
96,0,35.09179006742095,10,1
10,0,46.60287108551657,4,0
60,0,23.003326896039976,9,1
42,0,12.28356684590803,1,0
40,0,45.89611731780433,7,1
97,0,23.66597180378537,1,1
77,0,20.451181403087993,10,1
42,0,17.732742419892105,9,0
47,0,21.208545926696775,10,1
37,0,33.71552692369968,10,1
80,0,21.742609398285687,1,0
22,0,16.278772039105085,3,0
57,0,37.20751951143001,7,1
84,0,10.22827420851737,1,0
27,1,10.176492859580316,5,1
41,0,34.852133273792944,6,1
80,0,43.34865585645471,3,1
34,0,12.136420890906756,6,0
32,0,9.637136251323835,4,0
90,0,33.54826347640854,6,1
89,0,31.078045836480324,6,1
66,0,22.41789209132865,4,1
12,0,4.883445928431564,1,0
40,0,4.680093005995483,3,0
73,0,38.889355273313285,10,1
76,0,22.643278958044707,7,1
90,0,42.91255785295379,2,1
73,0,28.779209211789233,4,1
10,0,30.97503324675987,6,0
96,0,46.71630265123683,5,1
98,1,8.314333112567954,6,1
48,0,27.196909041920097,5,0
20,0,3.0011161383051346,9,0
39,0,18.010359889317744,2,0
60,0,7.490115140080136,4,0
66,0,9.47301451800007,1,0
65,0,46.74625653102035,7,1
51,0,30.573058157423553,1,0
36,1,44.61869084617173,6,1
24,0,22.231657201098404,10,0
27,1,29.922402998502832,10,1
2,0,1.7015161584270255,9,0
31,0,23.52816139048927,2,0
57,0,28.24642799985503,1,0
78,0,0.9372079418506941,10,1
66,0,39.495509923499654,3,1
29,0,14.841606915402615,6,0
15,1,22.679105040542435,7,1
12,1,26.827951236710742,8,1
28,0,49.61063794110883,4,0
84,0,5.049288929021724,8,1
24,0,27.808450155002454,7,0
21,0,26.57664787543344,8,0
10,0,3.53859381059879,5,0
78,1,31.73352417373672,10,1
18,0,14.414036251301148,7,0
88,0,5.278021511614572,4,1
14,0,9.01423235283079,1,0
34,0,41.1978013374481,3,0
58,0,5.295825645625954,10,1
76,0,23.3996766731922,9,1
22,1,9.84412874684314,4,0
70,0,8.1997611180421,5,0
36,0,10.365016794911918,3,0
45,0,24.689868432529053,6,0
36,1,11.965642213467406,4,1
22,1,4.9269742225927615,5,0
78,0,40.089903375433714,7,1
80,0,27.037088018267116,7,1
61,1,7.926997253191751,9,1
56,0,23.62434944674529,2,0
89,0,3.511288743658203,4,1
96,0,29.06345019457605,8,1
33,0,17.081210497939278,4,0
45,1,5.26607362854519,3,1
36,0,9.263828108433032,10,0
20,0,17.350564972051256,6,0
18,0,40.339731969182914,3,0
38,0,8.770409241868185,2,0
67,0,5.572244652490635,9,1
23,0,25.845356422637643,3,0
96,0,27.978978502615213,1,1
16,0,4.603041751604116,9,0
59,1,14.29577551244437,5,1
69,1,13.211925491921278,7,1
68,1,9.392458312109653,2,1
21,0,15.850342547312621,1,0
78,0,1.9517147257610024,6,0
95,1,32.61233416937858,5,1
78,0,49.42550853718867,10,1
70,0,31.738933696715517,6,1
12,0,18.117714882134933,2,0
16,1,33.428724027169274,7,1
81,0,28.618644459076457,1,1
87,0,42.353220736308494,8,1
14,0,31.131540593001823,7,0
61,0,31.74041009560031,7,1
71,1,11.161042994822369,6,1
46,0,20.8397992030259,10,1
32,0,17.286361406758292,5,0
15,1,0.6701168514471739,9,0
44,0,15.732708396514163,3,0
17,0,24.35450000371522,9,0
41,0,30.032446797183045,5,0
54,0,46.73499044085172,8,1
44,1,12.031776592054836,3,1
98,0,7.706206656317061,7,1
5,1,43.48533988104801,10,1
27,0,47.09818995501354,4,0
87,0,24.44891700419611,5,1
78,0,5.849306406377593,4,0
79,0,24.320876133920866,9,1
43,0,5.56122202245311,7,0
97,0,44.17096037716307,6,1
31,0,35.436690220350876,6,0
99,0,12.132737183729196,10,1
17,0,44.34586559650766,7,0
92,0,31.931296279561032,5,1
83,0,47.66784050237134,10,1
54,0,49.025944465626296,3,1
62,1,0.26376128286233275,3,1
87,0,6.0986890304745325,7,1
32,0,27.391424307261104,10,1
40,0,47.79705843591785,1,0
13,0,49.71225841193381,4,0
84,1,28.413655971645646,10,1
35,0,8.772694298366991,8,0
5,1,8.236195998434438,4,0
73,0,38.2165021298955,1,1
29,1,29.63769016744426,5,1
70,0,27.48381755674487,1,0
25,0,23.341669672695765,9,0
95,0,36.28421786642591,8,1
22,0,42.91690353241664,7,0
66,0,15.217608251662249,5,0
45,0,11.123796582076942,4,0
69,0,33.54293839911563,7,1
91,0,45.74514796034217,3,1
89,0,17.473056263189903,8,1
72,1,13.695166136953025,5,1
1,0,11.383120048757412,5,0
84,0,12.79909629406188,1,0
44,1,6.83317381371969,10,1
87,0,29.879233557656843,8,1
96,0,14.113220826196658,7,1
75,0,30.785723646729437,1,1
39,1,4.243314240677148,4,1
54,0,5.861293926682165,4,0
88,0,26.853482197067535,9,1
75,0,25.6253941293531,10,1
29,0,13.648345344220642,2,0
54,0,41.37382949586507,4,1
90,0,9.433653526890717,10,1
16,0,18.096990096740985,3,0
99,1,27.82003413301287,10,1
20,0,43.37383401551669,5,0
46,0,20.985693660822154,7,0
67,0,19.99018767650113,5,1
65,0,29.018917658786552,5,1
58,0,15.903101231598523,4,0
53,0,35.487745332663515,9,1
1,0,12.509927439283535,6,0
81,0,41.17748024731659,10,1
66,1,13.690435315359712,6,1
29,0,49.63578799829656,6,1
84,0,15.891477468949367,6,1
70,0,43.95342431889437,1,1
8,0,19.92806210989226,6,0
29,0,12.378136617343422,4,0
51,1,11.385546197971726,2,1
33,0,42.52454496430892,6,1
3,0,15.506774017012548,1,0
60,0,16.994294147091377,1,0
35,0,9.929953486363132,5,0
69,0,48.070103433999215,6,1
91,0,12.31272263588162,2,1
76,0,12.447436587182441,10,1
84,0,47.20050472370932,8,1
20,0,45.05485286425962,4,0
73,0,12.520653070677517,4,0
39,0,43.249805918947665,10,1
4,0,12.566178332997232,5,0
19,0,4.314761826158434,10,0
91,0,41.03603128495167,4,1
45,1,38.600752074982786,5,1
43,0,14.803889372404425,10,0
13,0,4.597935357618204,3,0
13,0,10.401300335409672,8,0
60,0,38.575722888232626,6,1
57,0,48.24091596562709,8,1
86,0,13.024203382545126,5,1
92,1,40.93111417166891,7,1
52,1,11.473839601124004,10,1
53,1,34.01205955207167,7,1
86,0,4.272312104673164,6,1
43,1,29.306252455074777,10,1
83,0,13.532575570616435,4,1
72,0,46.29971284180949,6,1
72,0,14.558569350069785,9,1
42,0,19.9821906736291,4,0
90,0,42.04988764661359,6,1
26,0,21.969901669085036,6,0
23,0,11.99677136456643,3,0
43,1,27.42246161262543,4,1
77,0,42.0155606629341,3,1
28,0,21.715562839032156,3,0
9,0,6.731135611322894,10,0
20,1,19.21603696441439,4,1
56,0,47.72830914140015,4,1
83,0,3.6938788562520326,6,1
39,1,20.48141410515619,4,1
51,0,32.43663681761426,6,1
12,0,4.01803453796996,2,0
79,0,17.3131320954531,4,1
95,0,47.03485986161913,2,1
55,1,1.6287210410865487,8,1
78,0,37.61191978734656,9,1
11,1,42.084610810186206,7,1
26,1,13.925330198345733,6,1
42,0,10.814247039038632,8,0
27,0,45.749562589951736,4,0
11,1,38.22368460448815,10,1
38,0,5.757697409389414,2,0
98,0,10.688643050268503,4,1
43,0,31.105622234128468,5,0
19,0,21.028904751954933,9,0
64,1,25.2583010848512,5,1
6,0,47.58196751160315,9,0
46,0,21.069749613279498,9,1
42,1,44.09593159113202,8,1
92,1,33.0711614611626,5,1
65,0,6.1688109898064525,2,0
99,1,37.25090112872121,5,1
72,0,26.058432790420106,1,0
59,0,11.33235279456023,8,1
52,1,14.548511221806674,2,1
47,0,27.910887995062488,7,1
7,0,30.12495425827507,2,0
11,0,48.412002561071056,5,0
61,0,42.75053480688861,10,1
68,1,10.371380421064282,7,1
25,0,38.72220432130056,6,0
12,0,0.5137612267671124,5,0
26,0,6.577442212140685,6,0
12,1,10.06505076170753,2,0
43,0,29.900247697690983,10,1
51,0,9.814781814379316,1,0
37,0,18.32711980756183,1,0
46,0,12.214711128889768,8,0
53,0,16.93708955656017,3,0
88,0,47.12832709222989,3,1
80,1,49.869079994511964,9,1
13,0,34.31753310257905,6,0
89,0,28.658162785638474,4,1
54,0,35.45154750623253,4,1
57,0,38.60544480090353,7,1
4,0,36.97673590611477,6,0
75,0,4.186437157180239,2,0
96,0,15.583641622410022,9,1
49,0,17.237225951308513,2,0
7,0,18.52579826009205,8,0
11,0,17.281257554711946,4,0
92,0,39.37590564277135,10,1
54,0,37.40547292743048,1,0
87,0,0.32955511434332413,1,0
45,1,14.889438022386479,9,1
23,0,31.220816024487746,4,0
28,0,6.101254537241096,1,0
57,1,3.652794894828066,3,1
26,0,41.43706616297423,3,0
25,1,22.68894518138625,7,1
54,0,42.798799659250584,6,1
29,0,41.195281086110626,8,1
83,0,44.679189054815225,7,1
97,1,2.508900721676289,1,1
36,0,9.387890298808388,3,0
14,0,14.877543903630883,9,0
78,0,6.8978963531092194,4,0
35,0,24.32494405720714,3,0
30,0,39.96894681294902,5,0
92,0,47.56397236140025,8,1
17,0,44.48974931037566,1,0
67,0,22.921100332788836,2,0
80,0,31.860905958410516,7,1
30,0,11.611736560087778,1,0
93,0,20.2101490966028,5,1
45,0,43.57201151145816,10,1
79,1,1.556956348772091,8,1
89,0,26.68468770490937,6,1
51,0,43.652635065161164,3,1
47,0,6.188292705152946,7,0
53,0,49.129055477360986,3,1
64,0,0.7183340526603427,5,0
38,0,44.3173885720119,7,1
64,0,17.74826146230885,2,0
87,1,6.721260025720358,10,1
89,1,7.952172945201301,4,1
7,0,35.088818045878114,2,0
22,0,43.54891186513161,7,0
81,1,32.08921105495872,3,1
82,0,46.44337607090157,9,1
41,0,42.13969187333926,6,1
74,0,0.550687166338456,1,0
10,0,33.50454025506372,10,0
57,0,15.301270966843198,8,1
7,1,22.779550584848465,7,1
50,1,4.7921343318979135,1,0
91,0,14.176748177395355,3,1
52,1,31.671029774882125,3,1
33,0,10.997268299790568,3,0
1,0,32.41207974673253,7,0
53,0,46.15930532275395,6,1
60,0,0.34652121974736605,2,0
34,0,39.30995891451993,5,0
4,0,32.101812120143094,6,0
17,1,2.426974860416233,2,0
4,1,39.5293401485365,1,0
43,1,11.30359965334284,4,1
90,0,13.364444982058979,4,1
4,0,4.76643255522173,4,0
1,0,26.765552785628646,1,0
71,1,24.961364639384513,3,1
94,0,17.424007866180823,7,1
50,0,8.520815007561975,4,0
73,0,41.91388236950338,2,1
61,1,43.83128366037682,8,1
35,0,27.074922574612238,1,0
8,0,12.286844146608969,9,0
24,0,4.89589227836433,5,0
83,1,43.44035395782898,2,1
36,0,4.89303070751876,4,0
50,1,0.7576838836976204,3,1
43,1,23.522939109198074,7,1
27,0,36.59042399676878,6,0
32,0,22.931096523404328,9,0
78,0,2.6653892886281514,4,0
18,0,34.532452759748956,3,0
28,0,32.15239776583676,7,0
29,0,34.10833358311529,6,0
16,0,10.639004318317566,5,0
99,0,39.805350616345436,10,1
47,0,24.010493766231857,7,0
59,0,26.86400524846297,5,1
31,1,27.33691748174703,9,1
4,0,14.41164120985293,4,0
37,0,12.58169180641841,1,0
17,1,0.33782991102866644,10,1
39,0,19.890856068564478,5,0
48,0,24.306638898559367,1,0
46,0,37.1659069081994,1,0
90,1,3.4246853511205693,1,1
48,0,46.2070716786957,1,0
39,1,13.27152756552737,8,1
4,1,18.399362437399567,2,0
30,0,2.513287033203564,9,0
30,0,32.691506899824354,7,0
22,0,35.47524758975435,3,0
75,0,46.4466817427593,9,1
66,0,16.907767265429918,4,0
12,0,12.942699620923849,7,0
94,0,36.33171652818645,3,1
36,1,35.3693643333021,5,1
18,0,46.862490486884006,4,0
90,0,10.345399349240868,6,1
53,0,35.294101872457304,9,1
71,0,3.4367420017487764,5,0
1,1,24.07036852718521,1,0
58,0,6.057599785558846,5,0
90,0,32.691984805914146,5,1
87,0,30.113191408415123,9,1
90,0,2.5367633881234584,8,1
6,0,16.04892934697933,5,0
70,0,19.81217825060996,5,1
44,1,12.478207448696926,2,1
72,1,2.0296351965386257,9,1
24,0,16.009212615692334,4,0
86,0,39.65198258239634,7,1
19,0,18.069443520722967,10,0
18,0,16.23615078619423,6,0
95,0,47.09348158178807,5,1
30,0,2.177372863853615,5,0
42,0,38.38768096253495,7,1
33,0,24.206370555886064,2,0
74,0,47.22867912477598,9,1
12,0,19.734190133753252,2,0
94,0,35.43131261657554,9,1
27,0,3.5897746830866906,4,0
39,0,46.445744036635666,10,1
9,1,17.292679073249772,10,1
21,0,26.247828331635898,6,0
76,1,7.010232277272058,1,1
29,0,47.28333777389002,5,1
33,0,33.68122315610169,6,0
62,0,2.7919790941220004,9,0
15,0,7.844818281046241,9,0
2,1,20.05171648236822,9,1
52,0,10.91687351797516,3,0
44,0,15.300815918864895,4,0
54,0,49.874808927721205,8,1
18,0,32.966569987775145,8,0
3,0,46.11865835549115,2,0
7,0,21.84633890523102,8,0
43,1,35.543085996079334,7,1
82,0,23.038545578848304,9,1
38,0,16.478404688465705,5,0
37,0,26.00674001040271,2,0
58,1,21.422820985195585,5,1
33,1,49.028978369166616,2,1
59,0,24.858703620298403,5,1
95,0,40.574545331649894,9,1
11,0,33.37429146796284,7,0
68,0,24.033399137149384,7,1
82,1,23.760088616070174,1,1
68,0,17.16031684139568,9,1
98,0,5.4383922008395995,6,1
93,0,38.09731951397211,7,1
88,0,45.912930180706894,2,1
22,1,10.975947247539871,1,0
66,0,46.29110734706695,4,1
44,0,11.69198048110808,9,0
6,1,26.55094718899038,9,1
42,0,17.24673760674418,3,0
25,0,5.813988417021684,1,0
57,0,2.7366349102818117,2,0
85,0,18.33079195399695,9,1
55,0,2.4624588410170536,9,0
16,0,5.29990123313878,1,0
95,0,7.200649182019411,9,1
14,0,0.19559373833205285,1,0
39,0,7.747285570598306,10,0
28,0,28.906206150880895,4,0
96,0,40.99420379258723,5,1
92,1,9.752154974462684,8,1
51,0,4.135542931990264,5,0
49,0,36.50275850195002,5,1
9,1,0.50731930171508,4,0
58,0,36.73468889161542,9,1
45,0,6.642750069757375,8,0
22,0,11.491424599758233,9,0
32,0,6.091488553312674,7,0
69,0,12.442174036864586,7,1
87,1,39.92897932924357,5,1
69,0,6.713950845741279,10,1
42,0,49.70886505144735,1,0
53,0,16.422179027279817,6,0
96,0,46.10620946286561,10,1
59,1,9.582650683793776,6,1
74,0,9.476086245225646,10,1
39,0,28.310250583849385,4,0
15,0,2.624944236743429,2,0
71,0,40.07004459201608,1,1
29,0,22.03680100833589,3,0
3,0,34.98990402030744,9,0
83,1,8.814146954451367,1,1
10,0,32.1536318042309,5,0
92,0,29.74412565214951,10,1
29,0,37.807496470705395,6,0
79,0,14.940324503283431,9,1
35,0,46.66496219107831,1,0
6,0,48.06892336284702,5,0
12,0,43.4193681999456,1,0
38,0,28.644484931411036,2,0
77,0,21.072384706001394,2,1
93,1,2.993821686640747,5,1
19,0,47.36666729290338,10,1
67,0,47.593889050548505,4,1
8,0,1.0325539034862243,6,0
8,0,17.908688577371933,5,0
84,0,44.013814776087266,2,1
47,0,4.134516448676953,9,0
4,0,9.908662197839348,10,0
51,0,48.93599810929758,8,1
85,0,42.3797117248054,9,1
67,0,45.611968354779805,6,1
45,0,7.1935054909003275,5,0
8,1,10.644666352445563,5,0
87,0,30.31028755915228,2,1
16,1,25.13673722803469,4,1
77,1,14.995319188297739,2,1
67,1,44.20393035688859,2,1
9,0,45.07929191522509,8,0
60,1,14.655032106315897,4,1
78,0,7.872081715537795,4,0
77,0,7.539711796438643,7,1
71,0,24.27281725005776,4,1
15,0,6.73263292052751,9,0
71,0,23.719677082551744,9,1
98,0,23.150510235706886,3,1
41,0,44.21709963896229,6,1
22,0,14.880900946021846,7,0
24,0,28.076557686184774,3,0
44,0,37.20064322777641,4,0
1,1,29.83614827299033,1,0
10,0,47.70798546450884,9,1
80,0,30.153646276938524,7,1
72,1,45.10292270565858,10,1
56,0,12.328313823761773,7,0
89,0,28.081563361693874,9,1
50,1,27.21096573567606,6,1
12,1,49.473660295990165,8,1
89,0,10.304865038616262,5,1
81,0,7.135570578462275,8,1
60,1,30.622436673757978,10,1
26,0,11.26223795226996,1,0
78,0,31.993851747949464,3,1
41,0,48.62720551712559,4,1
36,0,47.33064917033313,9,1
23,0,11.632040929735501,8,0
43,1,8.627727775786232,8,1
6,0,28.08089042941103,2,0
69,0,29.380186682335193,7,1
43,0,33.14627856189445,3,0
25,0,37.10039720674174,6,0
18,0,30.08776980253301,4,0
62,1,5.676474885611173,6,1
13,1,39.52888273141544,4,1
43,0,4.067907507778836,3,0
78,0,1.0976350422378847,2,0
28,0,38.50594401093264,4,0
18,1,27.463035479340224,10,1
59,0,34.95971178746751,2,1
60,1,19.199091477959175,7,1
63,0,0.653515426872175,1,0
57,0,16.617665921638167,1,0
92,0,30.44594812286482,5,1
51,0,11.362583216458475,7,0
56,1,34.42143624828328,1,1
27,0,39.74061039360805,4,0
32,0,22.767923218441403,5,0
9,0,43.79849277365146,2,0
96,0,42.755346571998984,7,1
84,0,43.91509184431251,4,1
92,0,33.085747929576065,8,1
97,0,15.308971083711635,1,1
68,0,24.114438990341444,10,1
46,0,35.55448141160146,1,0
98,0,10.60712629780238,1,1
67,0,36.968291111800866,4,1
26,0,27.44962199294271,1,0
8,0,4.891270270149808,5,0
6,0,27.908587717308347,6,0
80,0,3.4321292968029162,7,1
24,0,0.8139335238264399,8,0
48,0,44.492420728373496,8,1
94,0,24.546813969064285,2,1
45,0,27.21015378651221,4,0
13,1,14.068894804350318,7,1
69,0,27.182961500928926,9,1
25,0,8.526547738271665,9,0
20,0,37.3077252894878,3,0
82,0,41.185123104153895,7,1
82,0,42.80820141797109,4,1
66,1,5.421970599653708,9,1
74,0,27.931944577205165,7,1
45,0,40.45667339521724,6,1
47,0,6.498002761798175,9,0
63,0,5.066168167886424,7,0
76,0,40.86540573363404,8,1
77,1,39.85712834067201,5,1
55,1,22.48978753447705,4,1
75,0,5.574587326117234,1,0
19,1,25.85454555011589,8,1
35,0,19.800679680232843,6,0
53,0,25.975516809096234,4,0
26,0,22.050770581076574,3,0
14,0,28.46886922820537,5,0
45,1,36.38377295381336,4,1
44,1,38.765509192177845,7,1
88,1,32.48421169206842,6,1
65,0,10.027136690814995,3,0
51,0,19.916438977695446,10,1
43,0,3.65407903391251,1,0
86,0,22.63851903095106,7,1
23,0,48.51993669497007,5,0
56,0,32.12236230879144,1,0
19,1,7.815164481708495,1,0
82,1,13.502025222794085,6,1
76,0,3.3222249504970858,4,0
55,0,9.202453118583101,8,0
92,0,24.443298009541113,2,1
92,0,17.308333433288773,4,1
60,0,10.277719633707457,8,1
59,0,7.415260836786517,8,0
33,0,32.83794873716258,5,0
19,0,27.949308605955274,3,0
28,0,42.14775157952191,4,0
52,1,9.244318997814895,3,1
49,0,42.41447445041948,2,0
37,1,28.937767510736823,4,1
26,0,13.384537379587808,9,0
99,0,13.750301714368709,6,1
98,0,19.579981468178236,4,1
99,0,23.060348111673033,1,1
40,0,4.217003728370445,7,0
80,0,42.115758366749766,2,1
38,0,6.164899359277284,6,0
77,0,24.224646167191096,10,1
87,1,19.210114836226996,1,1
54,0,25.663125507165947,7,1
22,1,44.385377601701784,4,1
16,0,49.455508158819704,3,0
28,1,1.1115414968696422,10,1
35,1,19.72264764308719,7,1
60,0,40.89876549277045,3,1
45,0,16.397483725072654,8,0
46,0,32.48690517833423,4,0
72,0,49.61373426794638,3,1
55,0,32.373887311915595,7,1
86,0,5.648449743401119,7,1
85,1,42.16230465200388,9,1
26,1,48.33620612089723,10,1
85,0,35.65417022281349,7,1
25,0,21.011498182169206,6,0
65,0,47.42516874973668,3,1
6,0,48.431743550955,4,0
23,0,46.76232550060796,8,1
64,0,20.649768215273024,6,1
87,1,39.50641293104546,9,1
43,0,32.74355001579959,8,1
23,0,9.067362627690782,8,0
96,0,26.822193593689985,10,1
30,0,37.40978135551899,10,1
77,0,44.806022570668944,7,1
18,0,43.14365868328702,10,1
87,0,7.817459159255557,1,0
79,0,24.452858999612022,5,1
97,0,23.96560461009317,7,1
21,0,44.94697938870632,10,1
57,0,0.1966717259296558,9,0
23,0,36.961805527583685,4,0
91,0,30.97021167565864,8,1
45,1,46.086416511510656,1,1
44,0,22.900175781553724,4,0
82,1,32.91784526878748,4,1
88,0,48.64007681803496,2,1
47,0,37.22079776950385,3,0
40,0,3.462460309075392,3,0
51,0,8.459924193536459,9,0
42,0,41.09041003769143,7,1
7,0,16.806297494585582,2,0
50,0,35.32531371885392,9,1
48,0,35.02120429385702,8,1
84,0,49.685656117071424,6,1
91,0,23.546648909453406,6,1
6,0,36.91783478924557,2,0
91,0,2.5327685765765064,3,0
9,0,23.18329193258512,6,0
57,0,9.415409086374833,3,0
31,0,42.04452043048752,7,1
21,0,42.01142576760194,5,0
90,0,11.894584593214194,4,1
40,0,15.982429140511764,8,0
45,0,35.15364144457157,2,0
77,0,36.939469578272124,3,1
49,0,32.91581694550725,10,1
87,1,49.835062412555445,4,1
20,0,43.44729227805709,10,1
92,0,20.911238149550876,6,1
17,0,16.416138404939993,5,0
28,0,29.882802425004417,5,0
41,0,40.90005315809184,7,1
66,0,23.81963933945399,8,1
25,0,36.91086108089881,6,0
58,0,1.0560859713515154,3,0
41,0,46.299421404075396,4,1
6,0,38.71435290302108,1,0
75,0,19.770085329530232,5,1
38,0,19.262215043412677,10,0
6,0,5.2340517066504155,8,0
45,0,40.82607082173816,3,0
75,1,38.454612511933504,10,1
14,0,31.54946040602725,4,0
66,0,5.162677959987322,4,0
40,0,13.19083414528983,6,0
3,0,22.999832215904455,9,0
99,0,13.371999993834875,10,1
97,0,21.75529876532989,3,1
24,0,11.375281277818848,4,0
19,0,17.545065139920233,6,0
18,0,32.649614491471716,6,0
64,0,44.628817930906784,7,1
88,0,19.31303099351798,1,1
35,0,34.6262207349218,9,1
62,0,6.826175010487763,2,0
1,0,27.0868170950025,4,0
25,0,46.09304085517023,3,0
45,0,1.4939966424234326,3,0
49,0,13.451112350167746,5,0
98,0,6.711427330639198,7,1
89,0,26.702761826871097,7,1
16,0,34.01415895715913,7,0
98,0,2.9831816839491556,3,1
93,0,3.6071925899635096,9,1
19,0,43.49449671817038,6,0
23,0,22.866034113518666,10,0
83,1,23.201284821968528,8,1
25,0,47.234561708410034,1,0
16,0,16.078459552220096,4,0
54,0,44.86147998693624,7,1
73,0,48.715311754355554,9,1
1,1,12.160540462756472,3,0
42,0,25.750538575705892,6,0
19,0,26.764372029722896,8,0
97,0,43.321788778423986,3,1
34,0,15.265016005452896,6,0
80,1,39.9223179233354,9,1
55,1,48.553268824772786,9,1
18,0,42.03279897194053,6,0
34,0,45.466100144490206,5,1
89,0,35.44688651323418,1,1
45,0,45.20739243783096,3,1
6,0,8.326046704081135,3,0
21,0,35.64683461057714,4,0
70,1,36.62068001307666,5,1
96,0,22.01512923032109,8,1
48,0,4.078949521159815,9,0
39,0,31.159942938415277,7,1
31,1,2.688852247866985,10,1
10,0,19.181884558211824,6,0
30,0,19.74414442589001,3,0
18,0,49.94623317232031,9,1
60,1,15.060121483082614,10,1
88,1,41.04065150239206,1,1
73,0,2.7532670923958547,9,1
95,0,26.535322670753438,3,1
15,0,26.880914759945004,9,0
4,0,31.47461767440367,10,0
63,0,40.519259649157924,1,1
40,0,38.119976747985085,8,1
9,0,38.07430560378549,6,0
9,1,21.671467322781915,9,1
26,0,36.40082697507967,4,0
4,0,24.616654315681163,5,0
81,0,3.4408637994156095,6,1
16,1,44.52007095232518,9,1
15,0,44.519148976324146,6,0
99,0,16.211650356291454,9,1
52,0,45.703740702118914,2,1
69,0,37.923403521403564,4,1
5,0,20.099981420014956,3,0
20,1,16.64212936142015,4,0
79,1,48.75962069936644,1,1
18,1,35.66008545925442,2,1
2,0,19.00261674308289,4,0
93,1,32.134996010242176,10,1
13,1,28.619157331964708,4,1
4,1,26.27454713292764,5,0
42,0,32.27062475071101,9,1
74,0,26.927553476800057,1,1
61,0,32.774038648950395,8,1
95,1,45.387671254959585,3,1
8,0,49.66392191044907,9,1
67,0,35.493414980065864,8,1
63,1,46.39825800734659,8,1
9,0,42.934671668759414,9,0
94,0,14.82236615926583,4,1
11,1,46.652108353847474,5,1
99,1,3.6333691026258115,7,1
42,0,16.56309887007289,2,0
13,1,32.033252261729515,7,1
36,0,26.393080750167588,3,0
13,0,27.166378402185195,6,0
12,0,39.764927657082275,6,0
37,0,9.815713746080995,6,0
74,0,49.10556794737619,10,1
73,0,21.92916554212881,2,0
52,1,47.4971789137992,9,1
71,0,19.217481638391952,8,1
2,1,30.12915477569662,7,1
56,0,22.57054241902449,9,1
60,0,33.82916467621332,4,1
23,1,9.262873996270907,2,0
40,1,20.0913637887402,4,1
64,0,3.5122179931608275,10,1
85,0,29.945260707801676,3,1
23,0,48.13781675959723,2,0
29,0,2.390735106353549,2,0
78,1,33.015538222628166,8,1
90,0,38.77738838551922,5,1
51,0,10.73411036646368,6,0
69,0,13.726407239090497,8,1
95,0,10.158896203377763,7,1
89,0,14.940890570147742,7,1
31,0,5.5931197037493705,7,0
50,0,18.580358777142575,7,0
20,0,18.509566846188303,8,0
55,0,40.3826460846099,1,0
81,0,40.06781994847585,3,1
2,1,39.8564958291373,1,0
25,1,28.395092069624624,8,1
13,0,16.361446274630094,2,0
92,0,20.607129368381646,7,1
70,1,15.955400887627881,6,1
67,0,29.138202458537997,1,0
58,0,46.905158153551945,6,1
99,0,14.296389524380139,9,1
82,0,22.996705700541874,3,1
75,0,32.79033481395307,7,1
84,0,42.25027609859958,4,1
64,0,12.741362639984144,1,0
69,0,14.086468553921488,7,1
83,1,44.26976005957122,1,1
86,0,4.1048801872915694,4,0
59,0,30.31183553776391,9,1
60,1,43.03672526318976,5,1
83,0,46.09496324254151,7,1
62,0,0.7330939862201511,7,0
16,1,18.546332276959795,3,0
88,0,12.937512827440226,8,1
68,0,28.444826179858687,1,0
15,1,31.6798276130001,4,1
89,0,49.98874643251588,10,1
55,0,25.68684859525639,4,0
35,1,27.61819724898976,2,1
55,1,20.774244039501532,6,1
14,1,7.469094168144926,1,0
49,0,15.235899550001863,3,0
83,0,12.424547393780486,9,1
7,0,40.080862598282266,10,0
30,0,27.33623943546039,6,0
83,0,14.880062147745567,2,0
49,0,24.505735854385815,9,1
89,0,11.021357666461233,2,1
16,0,9.337844813603574,7,0
51,0,43.01111763837011,1,0
72,0,47.24606163786033,5,1
82,1,4.092728930566695,7,1
92,0,38.26764708860238,3,1
80,0,22.72024566772178,4,1
83,1,19.509684901281844,5,1
42,0,34.50162434643627,3,0
17,0,13.386058898184846,6,0
63,0,1.1270031915510106,3,0
45,1,10.778742106218747,8,1
77,0,9.327761327787528,7,1
7,0,1.7990641395227698,1,0
27,1,16.133639259713433,2,0
10,1,23.77847482235558,4,0
34,0,36.81785198282386,5,0
36,1,16.350500142080584,10,1
25,1,9.807559256321396,4,0
6,0,11.607926485754907,4,0
24,0,44.569736250169555,9,1
18,0,10.3155482802267,4,0
87,0,43.97410930907387,4,1
6,1,22.410239874840993,4,0
29,0,46.72658157419147,2,0
25,1,20.463797601604462,8,1
55,0,8.966378396910285,4,0
81,0,27.49659346764575,5,1
46,0,29.42655948216848,8,1
24,0,31.810916233336158,4,0
75,1,20.633686251629406,5,1
26,0,2.5252069056453097,5,0
98,0,31.373324155180647,6,1
28,0,46.65820469792189,7,1
3,1,47.88217556243594,3,1
75,1,29.884579856264633,10,1
38,0,1.0923621959261478,3,0
61,0,5.391320194355733,9,1
78,0,41.71612723589519,1,1
51,0,41.50424743890177,10,1
90,0,47.306178702891266,8,1
48,0,28.232343701053974,10,1
21,0,43.20443309397511,3,0
54,0,41.261857591525676,5,1
56,0,29.512098229734296,3,0
94,0,39.203513913015975,10,1
59,0,6.372956171172324,1,0
72,0,31.996217568318002,10,1
51,0,47.67720272122598,5,1
20,0,8.181679172126447,8,0
96,0,37.227729821820056,5,1
86,1,16.107211287434893,4,1
59,0,40.87348579351972,9,1
71,1,34.89082559191281,1,1
9,0,46.31609545457051,5,0
1,0,35.62557744272537,1,0
29,0,20.574498688646795,6,0
63,0,0.6435374710672569,10,1
72,0,39.66655314886433,9,1
56,0,20.48240183610474,2,0
68,0,33.5646413322595,4,1
35,1,5.342817414296096,8,1
3,0,44.55933493129299,3,0
7,0,21.839324090584608,7,0
27,0,45.992617517053226,7,1
1,0,35.3801699463451,2,0
91,0,6.1609668786928555,10,1
80,0,29.001911009044193,4,1
71,0,45.505728952295186,1,1
44,0,40.018530938183225,8,1
87,0,20.957222338054876,10,1
41,0,47.75771342296996,10,1
75,1,13.501951421996186,9,1
42,1,18.817874395583956,1,1
33,1,37.510737247011235,7,1
50,0,11.72193740505425,1,0
63,0,25.817186050981444,1,0
37,0,36.4665805861973,9,1
59,0,32.23399153050317,10,1
81,0,7.852958714636315,10,1
99,1,31.520049774778947,6,1
48,0,28.67825538737485,1,0
5,0,27.936456769451713,7,0
48,0,41.319754608208584,3,1
96,0,9.276411523998194,10,1
3,0,37.60314275346803,4,0
47,0,38.07020828498059,4,1
62,0,36.16000743508533,8,1
99,0,25.347818842590126,1,1
14,0,19.8373835121131,8,0
63,0,19.79439028763669,9,1
61,1,36.7170548257178,7,1
31,0,24.94504545888528,1,0
95,0,16.987842839123253,7,1
17,1,31.310937251825546,6,1
24,0,41.866861899100535,5,0
23,0,3.1692861842972597,5,0
82,0,48.609634192794736,1,1
50,1,4.922931785137025,6,1
78,0,25.63573222307562,4,1
79,0,28.054456247486026,1,1
79,0,6.996714197531273,8,1
70,0,45.7881282755822,8,1
27,1,23.626207156895447,4,1
15,0,7.241713671573626,7,0
50,0,35.60945890210377,3,0
36,0,33.20387682760623,8,1
8,0,48.14699193209423,7,0
79,1,22.13166460191864,5,1
3,1,13.463019060921491,5,0
62,0,3.093700914133578,9,0
47,1,36.68276410150544,6,1
77,0,30.902156692598076,6,1
98,1,48.6332806615479,2,1
88,0,35.63703249220126,5,1
96,0,46.664757848916985,4,1
61,0,49.57978185950106,10,1
32,0,21.47871409721102,3,0
94,0,7.599721167126926,9,1
13,1,9.872953767472858,7,0
1,1,15.986923633304603,4,0
34,0,25.493898776607015,9,0
62,0,6.208757969878173,9,1
79,1,15.15572180557626,7,1
78,0,15.458912984407476,5,1
93,0,0.3038741827391689,9,1
98,0,17.773020109353,7,1
82,0,5.8959947842251035,9,1
71,0,21.54259784515322,3,1
93,0,9.907183196447079,9,1
31,0,41.12350056069049,1,0
64,0,4.118215103413795,5,0
25,1,43.29645552776819,2,1
38,0,29.068278114677454,1,0
14,0,22.98616909359804,3,0
8,0,27.532141613006118,7,0
91,0,18.867845545965697,3,1
54,0,6.467834059098059,10,0
2,0,38.31740280761062,10,0
81,0,46.40278834581114,9,1
78,0,47.50837439368125,3,1
89,0,33.56850416051495,6,1
56,0,20.576336583181696,2,0
94,0,23.970162117597173,8,1
93,0,32.88258827976685,10,1
84,1,41.17131857376656,5,1
85,0,18.790900163397723,2,1
61,0,45.847383116577454,7,1
22,0,16.281180531037585,3,0
35,1,26.58990278882749,5,1
16,0,48.07195382177712,9,1
50,0,46.91612587973795,1,1
43,0,34.81767996743469,2,0
17,0,16.295553704302936,5,0
80,0,11.029848155881774,4,1
58,0,4.099153431143856,1,0
2,0,35.46185479649533,7,0
4,1,25.222189630701582,9,1
85,0,28.657155927818437,1,1
39,0,23.672369478894318,8,0
98,0,24.199027035314803,9,1
94,1,28.606553598327764,2,1
6,0,45.72167410818428,1,0
81,1,1.5653783434555801,6,1
89,0,40.101675300700805,7,1
69,0,19.58676140185746,2,0
69,0,37.27172093742169,5,1
20,1,47.431463829293385,5,1
64,0,15.383720976964122,7,1
16,0,4.568776373515567,1,0
51,0,11.69169197211479,10,1
37,0,11.182432272516873,8,0
73,0,37.118285931266676,5,1
69,1,3.1867232680833566,3,1
42,0,2.641585634801115,9,0
57,0,34.71106886474341,3,1
66,0,27.880312275313585,7,1
9,0,20.946600487675852,10,0
86,0,28.810883508154554,7,1
64,0,36.788870507835085,10,1
86,0,5.263221498068287,8,1
22,1,27.708992157449032,10,1
34,0,41.238399962423834,8,1
55,0,18.18521561185779,4,0
29,0,38.17459758236969,1,0
38,0,42.286499873410804,4,0
97,0,41.06436667182468,6,1
18,1,32.552784459094475,10,1
71,0,35.895491467983284,6,1
65,1,39.40499151766757,6,1
97,0,36.71209454393184,7,1
1,0,22.638840098100278,1,0
88,1,8.040135049310582,10,1
4,1,15.555556934287807,1,0
4,1,10.441603455878703,7,0
82,0,18.13606330081761,4,1
27,0,24.517620901103168,6,0
43,0,47.95642891953887,6,1
59,0,47.977193469964206,9,1
32,0,38.502467193751144,2,0
33,1,49.00900038933069,4,1
28,0,49.90098920964051,4,0
55,1,44.27431171515231,7,1
60,0,4.067228801986288,1,0
70,0,21.35960076286667,5,1
62,0,26.75258705316457,4,1
80,0,6.291721022220807,2,0
34,1,40.45066829943194,5,1
87,0,7.519302405944166,9,1
88,0,19.228105892109898,8,1
56,0,3.538717778401279,9,0
13,0,26.27719508913628,7,0
56,1,29.89236819705073,10,1
18,0,36.78532482301791,7,0
54,0,17.039128285279357,2,0
77,1,29.567521830198732,3,1
43,0,36.733952249057545,10,1
39,1,38.125553930610195,8,1
61,0,15.151928137856851,2,0
42,0,3.4784261158884395,7,0
81,1,1.9772119298225577,6,1
79,1,38.42620820615993,10,1
18,0,19.333401967344166,4,0
23,0,6.783738873887241,4,0
54,1,9.305997882511482,3,1
30,0,38.33090869267586,6,0
98,0,29.98520983446917,3,1
58,0,25.120017991562186,9,1
68,0,31.188078522664178,4,1
67,0,6.9612277524554615,4,0
71,1,16.020207921216837,2,1
18,0,18.7657695175151,2,0
7,1,15.79343869205146,7,0
40,0,43.234373975533316,5,1
70,0,29.112915118165603,3,1
86,0,36.493138233446295,6,1
65,0,11.911633884797256,6,0
68,0,13.277294461057945,1,0
49,0,11.344265555599499,3,0
52,0,34.43018092451332,5,1
29,0,17.51714568495687,7,0
21,0,20.31369820696774,4,0
90,1,35.485168231159165,8,1
78,1,48.592755223971956,3,1
9,0,8.177578155292567,6,0
47,0,3.2275457849166913,6,0
76,0,9.8228120051763,9,1
42,1,36.77453817966759,4,1
51,0,9.811901823345915,7,0
56,0,29.259184890981828,10,1
51,1,29.556795171299207,1,1
70,1,14.791712704824345,1,1
20,0,3.529441365843773,2,0
88,0,20.020105820835074,4,1
27,0,9.420592570601126,6,0
38,0,9.30521319229955,4,0
72,0,26.177184664334174,6,1
65,0,33.6887447910779,2,1
54,0,3.8632111080997475,9,0
24,0,28.958237792260793,3,0
47,0,12.385462008078191,7,0
71,1,33.697573244882165,1,1
83,0,40.5297702264981,8,1
86,1,40.369980419727604,4,1
63,1,18.556081776212643,5,1
57,0,28.406756726489462,7,1
55,0,39.70538967348527,3,1
60,0,3.1344320478758116,9,0
99,0,30.32065437500087,9,1
62,1,41.84244699283984,8,1
30,0,18.68061419528617,1,0
93,0,22.824864887666212,2,1
22,0,34.96653062111156,2,0
75,0,3.487447122098369,3,0
84,0,19.343234424989216,2,1
29,0,14.855967434170061,1,0
41,0,0.9480130543978271,5,0
42,0,9.879035795539677,6,0
98,1,19.85458992288358,7,1
65,0,9.951692549188488,10,1
31,0,30.15967607790837,7,0
30,0,22.487765106081817,2,0
18,0,2.0701166091919014,7,0
17,0,13.824509189194595,2,0
38,0,1.07189084192278,2,0
14,0,17.97094547673435,6,0
87,0,13.029589885517092,6,1
89,0,34.440520430206234,8,1
79,0,15.439605587266959,5,1
56,0,18.820417362759763,5,0
22,0,36.29416319997411,10,1
67,0,24.097792027841777,1,0
56,0,27.867073491932413,4,0
19,0,42.08319852099768,1,0
57,0,10.42372644232268,10,1
44,1,49.46035787352676,5,1
98,0,45.01524408283566,8,1
35,0,14.398986147192945,1,0
1,0,44.65762703926595,3,0
52,0,37.722412299011,1,0
85,0,46.54474795091137,6,1
93,0,34.587645887474714,10,1
70,0,33.75642141090952,1,1
37,0,0.27287401396681277,10,0
65,0,23.783115280885315,3,0
51,0,10.093403448303308,5,0
1,0,16.271664812533466,5,0
91,0,48.94290013641744,2,1
21,0,4.366547695526214,3,0
53,0,36.152074875644246,9,1
16,0,8.729947609356573,1,0
61,0,0.46932684085779997,1,0
54,0,25.12079357151023,2,0
40,0,8.144643408108685,8,0
26,0,48.276766173480695,6,1
80,0,10.264467181753878,4,1
92,0,9.682560174339907,7,1
65,0,1.7051295405758236,6,0
74,0,16.557999970077674,9,1
64,0,1.3031725789570565,6,0
43,1,24.99444309863204,2,1
17,0,25.3299710770877,3,0
59,0,2.756840024492899,9,0
23,0,12.079107621672069,7,0
7,0,41.62211360870315,6,0
44,0,23.180984168975787,5,0
53,0,21.787041075130006,3,0
71,1,34.96896967335373,4,1
79,0,35.77260898011468,1,1
34,0,38.121933779704754,5,0
46,0,41.541068021801095,7,1
68,0,11.689307255478235,2,0
78,0,3.412392303239616,8,1
78,0,19.075217442804714,10,1
16,0,42.7693857400953,6,0
71,0,3.9936303478498423,10,1
96,1,28.840094560267215,3,1
19,0,35.08403916215553,2,0
2,0,24.12221994278663,8,0
10,0,12.833254635969741,4,0
50,1,16.382843142985813,7,1
81,0,3.675439689380945,7,1
12,0,14.699919012200136,10,0
70,1,2.3144625773075878,9,1
22,0,36.34361740688503,10,1
32,0,44.90996439773315,8,1
84,0,31.71230510983429,8,1
1,0,32.86949082436602,7,0
54,1,23.659902623305275,10,1
58,0,7.8862188153348916,5,0
70,0,0.4854845485431455,9,1
83,1,17.2644022807675,7,1
18,0,37.59927901281071,3,0
6,0,48.02553580784752,6,0
45,0,21.611137794520765,3,0
97,0,18.333011515443296,6,1
23,0,22.353329465935925,8,0
23,1,21.44596730062924,9,1
26,0,31.331403666632387,2,0
77,0,36.73395511519485,6,1
7,0,39.26940536040355,3,0
79,0,32.51527999079392,7,1
44,0,21.94242554348916,4,0
27,0,47.51017740202177,5,0
26,1,35.57988284892619,10,1
97,0,21.39023623822426,6,1
79,0,22.38443067706567,8,1
36,0,40.91724441145787,2,0
55,0,22.082990297349642,4,0
64,0,25.86205377667665,4,1
91,0,14.64845936678924,6,1
57,0,41.9618502108764,4,1
69,1,26.16204546713567,5,1
61,0,27.67154332563245,5,1
2,0,44.0457025953986,8,0
55,0,46.033811665575755,4,1
97,0,41.22727045365935,6,1
80,0,3.3619836075676885,7,1
87,0,22.231104178827714,8,1
38,0,17.23221386370603,9,0
80,0,10.754387588323024,10,1
78,0,45.45679840470472,8,1
29,0,44.51444101989374,4,0
26,0,23.318364375834207,4,0
35,1,6.814586448575888,10,1
79,0,0.7669444545561939,5,0
67,0,21.979507320184457,3,0
87,0,2.0937619138198005,2,0
29,1,30.516841501796033,2,1
34,0,30.459602656915443,9,1
97,0,44.95707845108067,8,1
41,0,9.583451501638894,6,0
41,0,18.632572696435847,9,0
23,0,42.99131490033551,5,0
71,0,23.76739547425674,10,1
3,0,3.0801921197000173,1,0
58,0,5.6281171886168755,8,0
32,0,40.69138312176471,3,0
31,0,37.210501758422794,9,1
82,0,43.80648770662292,1,1
43,0,6.031172178866273,3,0
7,1,38.04479551544672,1,0
1,0,32.789707811413635,1,0
61,0,11.691432732938035,6,0
14,0,48.697828839225,4,0
52,0,28.560705475646433,10,1
96,0,45.35321097231705,4,1
6,0,42.96874739692862,5,0
10,1,16.72296048007832,3,0
71,0,26.844247413141982,2,1
90,0,21.62527814029312,10,1
98,1,35.482970755977775,8,1
30,1,29.443296026717043,7,1
21,0,39.26419129855834,10,1
60,0,0.6864377539394284,4,0
81,0,34.42088374458647,2,1
97,0,16.02135124546078,9,1
74,0,11.288684780481956,8,1
63,0,40.08194418129774,4,1
42,1,4.5521384382904495,5,1
51,0,11.500156250447144,10,1
64,0,10.26634362087893,6,0
76,0,21.049289708479126,4,1
56,0,16.184605549407326,2,0
80,0,36.051369023772544,5,1
41,0,34.99855704201368,1,0
32,0,16.340997466191347,7,0
15,0,21.90534072967518,9,0
62,0,10.47461839057067,3,0
27,0,33.574661534763905,6,0
28,0,19.87151473261552,9,0
81,0,6.728022611666544,4,0
64,0,6.450548046384411,6,0
59,0,16.183801853216657,3,0
58,0,37.39151892894617,9,1
2,0,1.372666372961869,7,0
36,0,12.962957189825818,7,0
71,0,8.208059328548988,4,0
13,1,47.82824328315018,6,1
15,0,35.29355203815422,8,0
89,0,11.738310937535413,6,1
87,0,10.45228321326611,6,1
60,0,42.915724214825104,4,1
22,0,9.592312151179012,8,0
63,1,49.85325408984163,10,1
90,1,14.186925688568843,8,1
97,0,4.3082024719897944,9,1
75,1,34.57800051144122,6,1
74,0,30.52117534995027,2,1
25,0,49.99112605153669,4,0
48,0,40.12407864416156,4,1
43,0,21.498943003348632,8,0
38,0,33.86291126333787,5,0
41,0,40.91068773480727,4,0
45,0,25.734953619620427,8,1
88,0,13.716285391687057,3,1
40,0,10.584271550089843,2,0
97,0,14.834543687019357,4,1
17,0,42.41863220532328,1,0
88,0,19.083575387187892,1,1
57,0,14.40454151245924,5,0
2,1,40.31377266697454,1,0
96,0,1.6928250545497208,4,1
62,1,29.738517719424074,8,1
88,0,43.694226978994955,8,1
9,0,20.56317907787481,2,0
68,1,13.538976251828293,3,1
81,0,24.636282564854223,3,1
17,0,35.90211066783476,1,0
50,0,25.878617595456454,3,0
94,0,0.4811858318260782,8,1
40,0,4.0083953497899945,6,0
58,0,36.0942883121761,5,1
75,1,20.057571610287383,10,1
85,0,39.26031398038473,9,1
21,0,32.50954671388486,7,0
18,1,29.11764013266175,6,1
55,0,45.07862090208272,5,1
29,0,1.1639714666875631,5,0
24,0,7.836214633750304,10,0
74,0,31.25636017904959,9,1
17,0,3.3848195228497624,10,0
18,0,32.2840272045285,6,0
42,0,49.20764174356086,4,1
84,1,43.95252413982724,4,1
45,0,29.586754508868882,4,0
82,0,44.70943604786751,6,1
17,0,5.901780748186634,1,0
73,0,22.789238829785653,9,1
14,0,21.49093817902258,2,0
49,0,16.888734590950254,2,0
29,0,0.11004976690208973,5,0
95,1,44.562348028701486,4,1
4,0,38.907559846624466,3,0
82,0,32.677590028429464,5,1
20,0,6.535445508196538,7,0
47,0,18.972436171206056,10,1
9,0,46.22391716865478,2,0
77,0,30.884787292970376,6,1
79,1,30.21018577264865,4,1
27,0,45.66501608037603,2,0
15,0,28.03570287249192,1,0
92,0,29.921400102993264,8,1
19,1,17.351213154363244,5,1
90,0,18.634902368695343,10,1
52,0,34.31178243446622,2,0
26,0,16.08971730990247,8,0
89,0,27.99948523733372,3,1
26,0,14.031914888713324,7,0
26,0,8.389649373926822,2,0
46,0,22.774682701041204,7,0
92,0,10.95055601946395,4,1
49,0,44.934865823568884,10,1
82,0,15.25028699476894,1,0
96,0,29.910364567412124,5,1
53,1,13.245747843205676,4,1
3,0,12.975161209965847,8,0
66,0,17.59674046577255,1,0
97,0,45.80214090931536,2,1
42,0,19.635737140434802,5,0
19,0,41.08119682426481,10,1
17,0,9.945173919467804,10,0
33,0,2.5036602025079104,2,0
76,0,39.10572827294193,1,1
49,0,27.13955738310936,6,1
56,0,25.23591807004338,10,1
63,1,13.683071877545737,4,1
3,0,3.708619041481656,5,0
49,0,24.19471581300902,3,0
55,0,43.37459530408865,10,1
26,0,6.089098483803944,6,0
99,0,46.465626879423894,4,1
72,0,13.808981104056572,6,1
52,0,26.656096012150247,5,0
7,0,3.418768933782433,2,0
46,0,21.309825030752023,4,0
46,0,6.382304531717457,2,0
16,0,2.4938919252526532,5,0
24,0,48.33122890203972,3,0
61,0,36.53171731966022,6,1
54,0,35.98098027858167,5,1
62,1,4.618429505239228,2,1
1,0,46.47459117193832,10,0
49,0,23.526478898993293,8,1
25,0,42.62897499606581,6,0
10,0,0.7287949455771616,9,0
80,0,14.980503418741595,3,1
16,0,49.802751394110636,4,0
58,0,21.44911833050042,8,1
72,1,44.435827589331296,7,1
29,0,16.46711758371488,8,0
92,1,26.313923700183498,9,1
6,0,42.72553138970543,8,0
16,0,30.330445954176376,8,0
20,0,36.287097897971115,6,0
80,0,11.518776890556248,2,0
71,0,7.878932829011457,7,1
78,1,11.592291526141834,4,1
43,1,24.703127449724136,3,1
26,0,40.068141761914134,4,0
90,0,17.76429313876569,4,1
78,0,28.28430752139936,3,1
71,0,40.26014180281407,9,1
33,0,12.01494565802283,3,0
26,0,44.16048917249849,2,0
45,1,47.65880737989693,1,1
84,0,2.044609776386149,1,0
63,1,3.0496443932308814,5,1
67,0,4.638889965436222,5,0
52,0,38.86074358463127,9,1
68,0,9.547913564430987,4,0
26,0,36.31222972464876,5,0
75,1,22.11967588660713,6,1
2,1,41.82912496763299,10,1
14,0,40.446915098932635,7,0
30,1,47.987161812984105,9,1
49,0,12.626788738772909,6,0
12,0,11.539034222324403,1,0
90,0,1.6722479669011039,8,1
44,1,20.57976316178379,2,1
33,0,23.007252120895313,9,0
13,1,48.22924028812896,7,1
78,0,41.55618617918146,7,1
88,1,8.422906730691183,10,1
98,0,39.94461919414922,10,1
26,0,8.997134113704217,5,0
21,0,3.980476985903077,8,0
28,0,41.87042929769115,10,1
48,0,48.80038313466071,1,1
40,1,4.497115371937424,3,0
66,1,40.714851323302256,9,1
73,0,42.97471116729406,1,1
87,0,6.025903654895464,8,1
79,0,14.234348241420106,6,1
77,0,36.709665886751935,10,1
23,0,40.40574095116817,5,0
81,0,17.763308690278294,6,1
48,0,8.080477044008093,5,0
2,0,32.452389352860976,9,0
84,0,35.128233301849555,2,1
20,0,25.230031909361895,10,0
59,0,7.332559275236776,6,0
46,0,42.23988854169834,4,1
3,0,32.29877135741918,3,0
55,1,43.47129601665868,5,1
12,0,46.65515681705512,2,0
40,0,40.30432298635964,3,0
66,0,47.9370049843651,7,1
78,0,47.7174615127186,1,1
16,0,31.00529331397777,2,0
83,0,36.43588768458573,3,1
34,0,35.00048591181274,10,1
44,1,31.09469613160562,7,1
6,0,1.065823273959526,4,0
77,1,17.859743436073245,8,1
64,1,5.093907854202869,8,1
22,0,15.082929595595663,1,0
18,0,3.521383865612263,5,0
12,0,46.00957168290145,1,0
52,0,22.621362791232034,7,1
94,1,9.54928593900173,4,1
51,0,29.2804836300912,8,1
71,0,9.902901575293741,8,1
96,1,40.24157205734227,9,1
48,1,15.365363576038527,6,1
19,0,15.813541579960043,7,0
6,1,43.51055210142931,7,1
84,0,28.004223944046718,5,1
27,0,44.376375077199945,7,1
53,0,20.70311269028137,9,1
48,0,17.26199205794869,4,0
7,0,25.3595295635788,2,0
59,0,3.1684343930251866,8,0
69,0,7.794618483345126,7,1
11,0,11.054129622743234,6,0
15,0,40.852196406054446,7,0
64,0,36.71655796984697,3,1
3,0,9.746033211318785,6,0
69,0,13.90970346223894,10,1
23,1,47.21866698700967,7,1
53,1,4.381567815078603,7,1
37,0,27.418009397588204,5,0
9,0,26.1481489015235,3,0
15,1,36.31282007616869,2,1
3,1,13.145625280039777,7,0
93,0,46.74515527481546,4,1
70,0,20.58808579327188,2,0
17,0,14.357408400986822,8,0
26,0,16.909783900608655,2,0
21,0,17.50124520513425,6,0
72,0,10.026527841897467,4,0
21,0,46.40989059840726,9,1
11,1,8.826271712005774,5,0
38,0,44.15334845353453,4,1
72,0,20.30596807502733,8,1
88,1,13.536896527186505,3,1
35,0,10.0055967466492,9,0
14,0,25.26668226242268,8,0
14,0,33.49600129517936,8,0
10,0,44.92122941997802,10,1
12,1,32.65708452713571,5,1
38,0,24.234758264611227,1,0
34,0,1.7704556224534855,10,0
41,1,45.77980259321342,9,1
10,0,45.128225224823744,2,0
17,0,18.997976669309164,1,0
17,0,1.5488296675130637,6,0
67,0,36.69514062022943,1,1
62,1,39.604875755170895,10,1
95,0,27.16904489481182,10,1
1,0,20.203461764614755,10,0
12,0,42.57152860636965,7,0
4,0,9.706569192669162,7,0
42,0,22.03395364186946,1,0
13,1,1.3218569248626644,10,1
98,0,8.284125346076559,5,1
85,0,47.04747861043274,3,1
86,0,28.9463541932014,2,1
4,0,40.29905724343814,5,0
82,0,24.376370663725403,5,1
69,0,41.75787219062615,2,1
19,0,26.99363049098181,6,0
2,1,0.3264318992081831,7,0
12,0,44.99498045083833,1,0
81,0,7.513449379812039,3,0
74,0,22.582682589257765,4,1
98,0,23.88604900955136,2,1
6,0,2.4570900571167207,10,0
8,0,2.748212233418321,5,0
51,1,38.15133529129087,4,1
11,0,15.092494423529672,2,0
63,1,20.540445495370218,1,1
57,0,28.249214521715466,8,1
12,0,18.731966616912356,2,0
73,0,38.77436758450538,4,1
2,0,44.23478621559646,10,0
8,0,3.0799224175809257,5,0
11,0,31.806628856839975,2,0
53,0,15.951234372111704,10,1
10,0,29.205436392997942,9,0
85,0,24.246975174801694,2,1
84,0,16.750558198512884,6,1
8,0,4.8313007518990565,7,0
36,0,28.016051583994592,6,0
93,0,5.72834906469634,4,1
76,0,7.890392400017085,1,0
14,0,49.11054522105241,2,0
54,1,15.903588998319231,10,1
85,1,29.2633658621114,10,1
86,0,13.684373906751292,6,1
21,1,43.288920986446726,8,1
50,0,14.23867552458019,3,0
94,1,18.407569066710696,7,1
39,0,30.45854013272065,9,1
20,0,43.51233671146487,4,0
88,0,40.82908631109756,7,1
87,0,13.266608289292467,7,1
7,0,41.49479237902716,10,0
9,1,35.08964623800906,9,1
1,0,49.4924416715097,3,0
26,0,46.77883863251394,1,0
38,0,26.70352243006433,8,0
38,1,37.52143809770781,4,1
61,1,28.551967129162694,2,1
44,0,29.790272561537122,5,0
86,1,5.16489141589116,4,1
44,1,0.21206085303499755,1,0
74,0,2.5045000862968747,7,0
62,1,48.334870327931775,4,1
6,0,6.400784573357161,8,0
17,0,2.3150462383417847,9,0
51,0,15.551246064387533,8,0
38,0,29.45017900373096,1,0
24,0,47.42818615071634,8,1
51,0,35.0243901697192,5,1
10,1,13.890013148118323,1,0
72,1,46.9589951100337,9,1
21,0,1.898449655733522,9,0
70,0,48.95479496261296,7,1
85,0,3.0261709712398055,7,1
57,0,37.71711365555258,1,0
39,1,2.3603472047553007,9,1
88,0,46.584915974188505,1,1
33,1,5.522428246883842,7,1
59,1,2.618902750054041,9,1
18,0,44.47433122576488,9,1
56,0,4.880114807489487,5,0
92,0,39.91677140992617,6,1
57,0,37.377028558754795,2,1
96,0,29.98401412056948,2,1
76,1,18.960339738943397,10,1
48,0,45.78746942668616,9,1
42,0,43.56695466781941,1,0
27,0,21.369730836728998,10,0
74,0,11.663075320100944,5,1
52,0,13.701326303978883,7,0
42,1,11.09414651039144,10,1
32,0,27.108472941751153,6,0
26,0,43.44008754565785,6,0
25,0,38.7032371631887,6,0
75,0,39.79597195127741,8,1
23,0,22.469595735812305,7,0
98,1,16.18999710673917,5,1
57,0,37.89205295818212,10,1
52,0,39.68558396513893,2,0
87,1,34.79814995338722,10,1
93,0,1.7021454148591952,6,1
31,0,29.525265934617344,10,1
64,0,17.417586879469443,5,0
71,0,9.890018176425716,4,0
33,0,34.7503236407807,10,1
85,1,13.499454170735284,5,1
2,1,45.6507738318972,9,1
18,0,14.974145780783424,2,0
47,0,27.80351192221781,6,0
33,1,41.405331966216515,9,1
98,0,20.165705067566428,10,1
84,0,41.450032166127244,5,1
35,0,36.212450233686255,6,0
51,0,46.05121105884942,10,1
18,0,16.359144673229295,4,0
88,0,5.3409004325286,5,1
72,0,21.57443994672833,8,1
30,0,39.31209211253799,1,0
44,0,22.576712158163755,1,0
53,0,13.173197716634224,10,1
10,0,1.4773985608934377,4,0
87,1,15.719887767495782,10,1
52,1,35.69771744704058,3,1
49,0,7.465926435714154,5,0
11,0,17.10988107733118,10,0
66,0,1.1095499390851014,8,0
58,1,36.11557466097696,1,1
90,0,44.04608404785365,5,1
36,0,28.46956305263291,5,0
33,0,1.3910180840422872,2,0
47,0,10.9595030962217,5,0
13,0,21.979609851216914,8,0
40,0,29.42030290601813,10,1
89,1,24.864189489276512,7,1
68,0,45.80171571592245,2,1
42,0,46.93795218843512,6,1
19,0,5.4469078807043605,10,0
82,1,7.005704822546198,1,1
94,0,17.966940120396664,10,1
19,0,21.119620606839668,10,0
58,0,29.344727963790167,3,0
23,0,38.68067151440407,6,0
54,0,6.874808507530953,9,0
80,0,40.15172083426926,1,1
65,0,30.54041284241817,6,1
12,0,49.04613459367058,2,0
24,0,32.59326713631836,9,0
34,0,35.83296608656181,2,0
53,0,9.840922433468258,3,0
8,0,38.46621157241591,2,0
18,0,4.0553822663903665,4,0
57,0,32.860868765790485,4,1
5,0,2.8730881515501983,10,0
26,1,5.84976848334888,1,0
30,0,5.48252708839788,8,0
54,0,2.7189548346455594,5,0
13,0,16.12483195560023,8,0
83,0,49.71818764933655,6,1
29,0,17.47644588623066,2,0
3,0,38.06271807559364,7,0
90,0,6.702619091269316,10,1
58,0,22.77910490524619,9,1
76,0,9.33728019468812,7,1
2,0,9.68564878765088,5,0
75,0,5.074532825044494,4,0
28,0,21.659003236093813,8,0
82,0,3.8691925453586036,6,1
77,0,45.49958668214748,5,1
86,0,22.450226046440523,7,1
76,0,41.94445045775028,3,1
2,0,48.975276040305054,9,0
7,0,33.92118102312996,4,0
26,0,45.08538678099525,4,0
90,0,6.854839273099818,8,1
88,0,41.51668292853555,6,1
76,1,13.633744927177796,1,1
16,1,23.68264213822383,2,0
23,0,32.36447418980718,9,0
40,1,45.18682526750717,6,1
60,0,45.558590666394124,7,1
73,0,4.695908619378065,9,1
32,1,18.291318892170814,3,1
15,1,39.679442813542416,5,1
13,1,35.18752877268805,5,1
5,0,1.4149870065393177,10,0
75,0,22.549481312341793,7,1
74,0,41.47972944666852,2,1
52,0,36.910453422955264,4,1
77,0,20.6513046373829,4,1
41,1,36.784540005103096,8,1
53,0,27.605414385916667,10,1
50,0,45.640187003607494,3,1
15,0,29.397646002587134,2,0
7,0,20.09663552183897,9,0
40,0,43.159739165954896,4,1
28,1,2.5884552311013813,9,1
32,0,45.03548111751009,6,1
99,0,34.84770604343949,1,1
15,1,47.03623243516149,3,1
85,1,12.600192969435222,7,1
70,1,34.77657609552908,9,1
65,1,40.49221701860913,8,1
4,0,35.13491873131525,5,0
11,1,10.595651744234326,8,1
26,0,13.851919446834897,2,0
61,0,28.38044318778842,3,0
37,0,22.3928550742694,8,0
23,0,36.78234770198476,9,1
93,0,18.99596690416939,10,1
85,0,42.988078040800154,8,1
91,0,21.652828211333837,4,1
40,0,2.0980599076681408,6,0
77,1,0.9664673866587907,5,1
23,0,32.37245504561893,4,0
16,0,27.07360060226311,9,0
94,1,27.182957703478806,10,1
61,0,39.52144989981943,3,1
68,0,18.848439708522008,1,0
80,0,49.77280517998974,7,1
31,0,47.281952020431625,10,1
53,1,0.746792181175453,8,1
25,1,44.79756413311794,3,1
44,0,34.059427553468346,3,0
12,0,25.15430780712014,6,0
90,0,29.17909895729272,2,1
97,0,42.10868242688964,6,1
92,0,47.55676586444388,5,1
9,0,28.06064787434848,7,0
12,0,9.146443214710636,9,0
69,0,32.02372379273102,9,1
54,0,3.903326522590175,1,0
54,0,31.793422968059904,7,1
28,1,40.449728946090985,3,1
56,0,17.73123868064576,4,0
99,0,3.6521027703331668,2,1
69,0,34.64208380780402,1,1
98,0,17.0325046334121,10,1
98,0,12.529922928839525,3,1
77,0,34.49016977126777,10,1
58,0,48.482364798548865,9,1
78,0,37.2915866335443,1,1
75,1,24.618367023912835,3,1
42,1,30.065485048964995,5,1
38,0,7.199717543420864,3,0
68,1,40.67934295557212,4,1
53,0,30.254321029509804,4,0
33,1,48.29493686010106,1,1
71,0,48.9762200776684,6,1
56,0,17.793875952776116,7,1
72,0,49.42844218208228,7,1
51,1,47.84599305231925,6,1
74,0,32.02761499387629,7,1
43,0,16.739874980111896,3,0
15,1,37.69167701531368,5,1
38,1,13.634737844671179,7,1
15,0,31.529210444061572,10,0
5,0,1.3266225285982451,5,0
93,0,31.466281547554264,10,1
83,0,47.58525340820473,2,1
54,0,11.83363783104036,6,0
51,0,38.9311563871173,7,1
10,0,14.741835140788519,2,0
12,0,35.421702461559214,10,0
4,0,35.028621256688915,8,0
95,0,9.318413310354877,5,1
18,0,29.89668273000889,8,0
80,0,42.972530760346366,3,1
36,0,19.188400165034107,2,0
25,0,35.54281987231074,7,0
87,0,33.75405875820387,5,1
76,0,12.949948689850123,5,1
98,0,45.940313633306594,8,1
36,0,28.21925299740202,9,1
67,0,17.829103574595656,8,1
9,0,8.301482947551591,10,0
61,1,23.72557178574647,2,1
53,0,36.53266055129483,10,1
18,0,31.2196494615723,7,0
43,0,36.37992272168289,5,1
35,1,39.60886153978917,7,1
63,0,22.106137847823057,3,0
98,0,26.05629258281219,4,1
78,0,49.322463367886435,7,1
4,0,48.40576465146119,2,0
93,0,20.799374525467073,2,1
41,0,34.290458257904106,1,0
45,1,13.452749898559855,1,1
50,1,7.719607527218855,1,1
79,0,38.443221008924304,6,1
28,1,21.865380473959412,5,1
42,0,8.934934902135947,10,0
80,0,37.9665113836753,8,1
76,0,45.76700095372177,5,1
69,0,46.670347672841075,1,1
98,0,29.85705205228472,8,1
1,0,24.03409233584619,6,0
39,1,7.179142649474098,8,1
96,0,39.66021123237955,2,1
90,0,47.271625289804454,10,1
17,0,44.484074639508094,8,1
91,0,37.61399437643978,6,1
88,0,0.3279862432797247,1,0
35,0,20.446768642906303,1,0
46,0,20.594637167920215,10,1
42,0,44.728974824690624,5,1
39,0,3.375970774260512,7,0
90,0,26.608006935708136,4,1
49,1,6.893106755963147,10,1
62,0,33.148466321872014,5,1
38,0,39.63354886009123,10,1
23,0,32.133764677384406,3,0
22,0,39.74979853692923,2,0
4,0,30.414065256820827,2,0
49,0,9.572971612696334,5,0
59,0,19.194909573268497,4,0
73,0,47.84775392824303,2,1
68,0,14.479928147622532,5,0
71,0,3.2368329747411653,10,1
87,0,19.303015747288075,9,1
2,1,18.378725230321315,8,1
49,1,23.56840990504765,9,1
88,0,28.059140761852507,9,1
95,0,49.621920998703764,8,1
31,1,37.83607371508226,9,1
40,0,1.8909491364597448,4,0
48,1,35.664345177504984,8,1
51,0,41.229164245746745,2,1
43,1,44.79197387033088,9,1
98,1,21.257904534829823,9,1
55,0,15.74991584848189,3,0
88,0,41.98230715688958,6,1
49,0,38.903008926991085,7,1
90,0,26.848518253294703,3,1
80,0,5.982350942316095,5,0
57,0,32.622890819498245,1,0
77,0,3.376811565000422,3,0
15,0,5.108303554039344,8,0
27,1,16.62389792236905,3,1
68,0,18.621657293716314,8,1
80,0,23.152504540624978,9,1
64,0,17.02323366501556,6,1
94,0,1.786028956182513,7,1
30,0,7.9550426528441065,6,0
36,1,5.844087095018511,8,1
67,0,21.616061568441378,7,1
86,0,10.68523346636506,10,1
86,0,14.747910115458842,1,0
49,0,23.63121642189984,3,0
76,1,11.854536804545347,3,1
55,0,12.371862308864358,3,0
85,0,41.673894451589774,4,1
56,0,27.449534716226413,1,0
68,1,42.85229663384184,2,1
95,0,25.7748431694386,5,1
44,1,45.472285197923746,6,1
31,0,12.811629367500776,9,0
58,0,30.871834669015332,2,0
87,0,25.211265515308554,9,1
53,0,45.94267724149133,7,1
84,0,20.982130935080825,9,1
79,0,42.75570828200172,4,1
23,0,28.238812125232617,7,0
28,1,35.45629329783882,1,1
16,0,44.355965346665855,8,0
37,0,49.84563009376928,7,1
21,0,36.5838639765212,7,0
79,0,15.794645450597358,2,0
17,0,15.020698465276274,10,0
37,0,15.524280862109013,9,0
77,0,4.985625182944962,8,1
19,0,2.7745847072505807,1,0
30,0,29.08405952855251,1,0
45,1,40.54836750836245,5,1
18,0,1.9031135367864735,2,0
78,0,28.37505139144984,1,1
62,0,18.650879949019178,10,1
36,0,44.63501160762517,8,1
84,0,7.354807751156222,4,1
52,0,28.21525704997633,2,0
19,1,48.548943279040145,5,1
44,1,17.317145026606628,6,1
7,0,37.114667873545926,8,0
44,0,44.13431263650026,7,1
68,0,9.391907067339263,7,1
34,0,49.62710629507399,1,0
66,0,40.48839458544761,3,1
69,1,6.964456479815724,3,1
55,0,15.613146555690397,7,0
10,0,31.286004914031448,2,0
96,1,44.25739635395919,10,1
42,0,9.822292577354643,7,0
41,0,36.587158569020204,9,1
77,0,13.605335859579236,1,0
69,0,40.29028088632047,2,1
10,0,34.203757161024164,6,0
10,0,26.193160829963503,2,0
91,0,32.5283115242091,2,1
60,1,43.834617752137476,5,1
51,0,19.382650406339536,7,0
21,0,38.48558398978583,4,0
8,0,8.029381200287274,6,0
65,0,35.08915971555089,3,1
92,0,37.557802387338356,4,1
78,1,22.205585068047316,4,1
85,1,39.70174305444891,4,1
30,0,27.899457957306062,1,0
85,1,46.82009244370634,4,1
49,0,5.712075154472089,4,0
9,0,6.627989170632571,6,0
17,0,42.137129358023316,9,1
69,1,42.13382760086097,10,1
58,0,23.61411508529211,6,1
57,0,48.201714272624315,6,1
62,0,34.00152699947249,7,1
95,0,49.14437701342689,7,1
52,0,26.666530220545784,1,0
61,0,10.160505877975977,8,1
40,0,22.275217038753617,1,0
38,0,49.02629341315602,9,1
43,0,18.583656256167433,4,0
63,1,47.855120013428184,9,1
19,0,39.87136524894839,8,0
50,0,22.161105756870572,9,1
33,0,27.13936449468342,6,0
13,0,30.411209956386546,9,0
78,1,33.321727628042254,4,1
97,0,3.9272909090944728,3,1
62,0,46.68604381556904,3,1
93,1,29.890285683723206,8,1
43,1,46.564346058230605,2,1
49,0,31.6317337172894,6,1
36,0,21.60767290158658,9,0
10,0,28.389707775662977,9,0
95,0,41.49221337461022,8,1
6,1,16.37367898943852,8,1
57,0,47.82735684808834,1,1
1,0,23.351164370506243,7,0
71,0,47.81622640465958,1,1
58,0,44.04975507568883,9,1
91,0,38.40633162514903,3,1
21,0,23.425146191916586,1,0
92,0,29.388562701284574,8,1
80,0,41.917667676780255,7,1
56,0,27.24838451304856,2,0
87,1,36.9356598692707,7,1
20,1,39.55388664523749,5,1
54,0,25.703452758867368,7,1
25,0,26.858751165848073,10,0
28,0,9.97195238937193,7,0
5,0,12.3124849675835,2,0
21,1,45.25666484139117,2,1
18,0,42.032447671899575,7,0
47,0,0.6051156711516892,3,0
70,1,43.48244054080431,4,1
57,0,1.3592207907814244,7,0
93,0,22.968192106822183,2,1
19,1,3.4648930329340435,2,0
97,0,48.44427460901273,9,1
65,0,48.618730864630386,1,1
3,0,30.582460004134198,3,0
42,0,19.67102505009433,10,1
21,0,25.64843823470951,4,0
99,0,38.138736092047594,5,1
40,0,11.237328690037167,3,0
67,0,22.14195231172478,9,1
25,0,36.88970764362893,5,0
55,0,19.830084644072652,7,1
84,1,1.696626452425552,7,1
52,0,25.418981510850475,9,1
44,0,36.896817010723375,2,0
98,0,48.84313881830955,3,1
85,1,1.9486030445478009,4,1
56,0,27.04203804733376,8,1
55,0,22.55193924073398,1,0
87,0,12.198194585617902,9,1
70,0,31.92435973035716,5,1
77,0,8.264762393503528,4,0
87,0,14.264851889011153,8,1
73,1,39.109693769738705,9,1
81,0,23.074545827275195,3,1
66,1,49.68416528130225,4,1
19,1,19.384391133024824,1,0
83,1,23.216727198400797,3,1
7,1,15.082862328217848,10,1
63,1,11.891050948933167,5,1
42,0,46.12184241862138,8,1
42,0,37.46644934242368,1,0
59,0,16.736786356850526,1,0
20,1,35.03778388332166,3,1
73,0,48.29260914678437,9,1
17,0,3.794993484134304,9,0
27,0,13.298769778105878,1,0
47,1,10.10886960483057,4,1
2,0,43.502179865856064,8,0
63,0,9.041597444620649,2,0
62,0,15.472992199884237,4,0
19,0,27.23865258897662,7,0
17,0,31.09260834378879,7,0
69,0,40.42836975037953,5,1
39,0,20.425430003039796,7,0
82,1,26.75881166042925,6,1
71,0,48.276557544705845,2,1
81,0,14.938350658505971,9,1
39,0,12.479901137149708,5,0
36,0,35.5588996479534,2,0
40,0,38.579699932903544,6,1
45,0,20.797467268697385,10,1
4,1,10.727648019272342,5,0
25,0,38.968240524988474,2,0
69,0,33.557595474424005,10,1
30,1,43.823767283883946,10,1
76,1,42.23189056992335,7,1
68,0,10.339239706761244,10,1
88,0,41.63372508642515,2,1
29,1,8.841169681833295,7,1
73,1,43.198824798517485,6,1
68,1,38.53901460823065,4,1
51,0,28.536067606691688,4,0
24,0,32.146861622941266,6,0
14,0,5.293555616650434,9,0
69,0,2.090270556167968,10,1
18,1,16.59927241252204,6,1
42,1,41.088149989717785,6,1
57,0,23.342700101680634,1,0
83,0,11.247362099655025,5,1
12,0,41.743990105749305,1,0
82,0,11.508500206583749,9,1
17,0,40.793136789723,10,1
30,0,22.7036785928156,4,0
88,0,23.228394874637363,2,1
75,0,13.708708531926284,9,1
99,0,45.01868364287768,6,1
23,1,4.53038525713729,10,1
81,0,7.3058744350458715,3,0
1,1,31.830649935485766,2,0
79,0,42.520751761241776,6,1
32,0,4.863017384242856,10,0
9,0,36.714237245888754,6,0
15,0,37.15132550366037,9,0
28,0,29.117984235229915,5,0
24,0,24.387729603666187,9,0
60,0,16.122279189445972,5,0
35,0,17.63794344239006,2,0
86,0,33.754230273531995,1,1
27,0,3.3578358315741244,9,0
83,0,29.288255878476818,10,1
76,0,14.00873640339707,7,1
20,0,23.383635006002734,3,0
65,0,27.993082960664907,6,1
85,1,44.29440124735313,10,1
49,0,28.995836927784502,4,0
1,1,11.435262624787049,9,0
10,0,4.065026713301613,2,0
47,0,31.386721139589486,4,0
59,0,27.29791497792184,1,0
96,0,33.6227150391455,7,1
62,1,23.02388929895312,4,1
86,1,41.273779781918094,5,1
18,0,46.01696614370779,1,0
46,1,2.0962206689589924,2,0
32,0,37.22991815453973,4,0
27,0,1.854511182867424,2,0
92,0,22.31032467493998,1,1
18,1,23.134000516888868,10,1
39,0,34.84129803649901,1,0
49,1,17.684924580227253,6,1
93,0,41.06297678207911,2,1
82,0,17.208916491498535,3,1
44,0,17.191642628240224,5,0
72,0,11.215757316166485,3,0
54,0,34.22506299212043,6,1
95,0,3.9217026481112844,7,1
34,1,18.216448785649902,10,1
71,0,13.41784823286318,6,1
36,0,11.543848191560617,2,0
18,1,3.1430675269796673,9,1
38,0,9.600117474667876,2,0
59,0,22.3675960689152,6,1
9,0,25.236698617841093,9,0
73,0,13.548283222110689,9,1
72,0,32.5471510724817,2,1
51,1,16.856087549083036,9,1
35,0,18.425567328656044,8,0
82,0,39.152954272643264,7,1
5,0,27.643139399102616,8,0
14,0,47.663425074581816,10,1
92,0,18.029129943130396,8,1
30,0,41.40924075012073,1,0
4,0,36.943043036807474,9,0
39,1,44.520427479350566,6,1
84,0,47.84388950886174,1,1
64,0,0.4830582520333686,1,0
25,0,4.506057618589053,7,0
28,0,33.749507179252674,10,1
76,1,19.57097299886065,2,1
66,0,40.97434257696305,6,1
78,0,0.6977935003369554,5,0
22,0,40.368172409521875,5,0
31,0,6.848575715352246,10,0
23,0,14.583427293735134,6,0
48,0,48.457002193011654,8,1
20,1,2.6747458660535894,5,0
38,0,17.51712656138843,8,0
55,0,4.317985904610972,5,0
68,0,42.69485986006707,10,1
79,0,35.18050451461741,6,1
88,0,40.03683565200489,8,1
89,0,26.41124763692244,2,1
1,0,17.95022898160642,7,0
7,1,0.21345361829579063,3,0
57,0,13.968572870941419,9,1
95,1,25.77622198362912,10,1
12,0,33.251665620156565,7,0
5,0,11.52397733079196,3,0
50,0,7.031152229777899,8,0
42,0,10.160581615290585,10,0
12,0,17.76839497938689,2,0
18,0,7.504076730953666,10,0
66,0,7.925184987613472,8,1
74,1,2.2832098303370905,7,1
79,0,42.850587198287194,5,1
94,0,11.065955340631046,4,1
17,1,41.112931709158225,10,1
68,0,21.971638368248207,10,1
71,0,31.658646954209097,1,1
62,0,3.8775365942939466,4,0
41,0,29.220666889131216,6,0
95,0,14.570770618347757,6,1
34,0,4.850976662244666,2,0
70,1,45.42080155877499,9,1
45,0,30.221039313239594,1,0
58,0,12.161210599476545,4,0
51,0,21.04043573504811,4,0
34,0,17.909316690577295,2,0
44,1,35.058925326305285,8,1
15,0,30.41091548377195,2,0
78,0,1.0871305854881521,2,0
70,0,9.971566781273207,2,0
50,0,23.958585814818992,1,0
32,0,22.329741033464153,5,0
67,0,25.882076608982175,4,1
3,0,35.7690605819851,2,0
86,0,34.13224902506153,1,1
86,0,18.703389764885372,1,1
74,0,43.891323234135896,2,1
51,0,3.240335265381085,1,0
67,1,29.26704376607515,9,1
76,0,47.48930607921953,2,1
93,1,27.499163747483532,3,1
48,0,22.809804410561515,9,1
17,0,6.78248767595158,5,0
7,0,40.528435854053406,8,0
13,0,18.752365013041512,7,0
66,0,35.09217088328593,6,1
4,0,9.957589332312146,2,0
10,0,2.1889738263142386,4,0
88,0,15.342825881147228,9,1
17,0,14.142551686698852,7,0
52,0,43.68641515101099,3,1
6,0,43.24722155137922,6,0
83,0,26.741321707808893,8,1
69,0,1.0480473840524613,8,0
96,0,11.493400679731753,8,1
74,0,31.986728451250315,8,1
9,0,5.16027923137534,10,0
91,0,35.06105100950041,6,1
77,0,0.6969169216412994,10,1
83,1,34.15858509092659,3,1
21,0,42.242508218683035,9,1
24,1,23.5139642103412,3,1
4,0,41.47114140649088,4,0
24,1,39.098233888869096,10,1
59,1,33.60381559336709,1,1
99,0,22.312949141751897,2,1
3,0,13.668011815634543,6,0
68,0,43.05711171222654,1,1
40,0,32.46465994518112,9,1
48,1,39.92104007900375,8,1
54,1,27.643149693671706,2,1
35,0,8.67613508124684,2,0
95,1,48.97395318172546,8,1
56,1,9.218663697736106,8,1
89,0,45.57095090114267,1,1
40,0,10.486118437644203,5,0
77,0,18.75009714314715,2,0
68,0,22.06016388241759,1,0
46,0,46.07666187745444,3,1
78,0,44.421108688561866,3,1
13,0,41.178726799826556,10,1
27,0,18.89608986003714,9,0
6,1,0.32421301676311604,10,0
17,0,34.111007673365215,1,0
36,0,20.606596339813674,2,0
99,1,37.87720382258804,9,1
81,0,39.76311709956916,5,1
2,0,22.042197805579466,9,0
77,0,37.43031800931573,6,1
52,0,42.012870297931904,10,1
66,1,46.43095896691486,10,1
52,0,29.164521091220777,3,0
92,0,38.94609057608814,8,1
43,0,24.77878702346139,9,1
90,1,2.1789837214551073,2,1
22,0,7.845549247179249,9,0
55,1,6.498403011059538,4,1
67,0,8.671102946762396,8,1
99,1,0.6096162056808777,5,1
60,0,42.94947048093111,6,1
58,0,28.05145106545572,4,1
12,0,19.21918515026226,5,0
88,1,20.547965691691058,1,1
69,0,23.22121957657159,3,1
84,1,3.7867866709376696,4,1
39,0,13.805804037838017,1,0
13,0,42.59615921089503,3,0
41,0,37.20939428707783,4,0
57,0,28.21393635887,9,1
53,0,24.087128835031155,3,0
12,0,13.022761931045878,3,0
13,0,23.615622985390562,4,0
74,1,29.932978275734058,9,1
97,0,35.66063377643587,9,1
57,0,8.415345368840958,1,0
40,1,40.67420239669179,8,1
80,0,17.355982723987744,10,1
45,0,25.212578356188732,1,0
35,0,30.434425398156993,2,0
3,0,24.45594829542956,10,0
5,0,28.64064951729054,5,0
90,0,5.665020887675273,6,1
11,1,21.664557209920897,2,0
71,0,14.095326799717695,10,1
56,0,4.392705078954822,5,0
10,0,9.663296359036513,3,0
34,0,30.16198386473017,7,0
67,0,9.914651492307371,1,0
72,1,9.135094104942757,5,1
31,0,27.686238576093153,3,0
75,1,45.24465508467856,2,1
71,0,39.45577324692751,3,1
66,0,45.26394661494054,10,1
70,0,29.19071209459611,4,1
41,0,20.5554850668845,2,0
63,0,36.50910414054297,2,1
32,1,13.14206500631428,3,1
20,0,3.9948925044696453,2,0
57,0,17.296278157283666,6,0
98,1,15.031911204602169,2,1
50,0,33.8093924980754,1,0
80,0,27.612997672709536,8,1
25,0,6.999322904383697,10,0
12,0,45.434358570546436,4,0
71,1,29.707613131189728,2,1
39,0,22.938442848646467,4,0
17,1,46.86602686322082,2,1
45,0,4.955362255015251,5,0
11,0,39.50068761317192,7,0
70,0,18.296808735428467,6,1
23,1,34.799948571106185,2,1
91,0,46.543198839619166,4,1
70,0,25.933882716222325,8,1
38,0,1.2296772890944927,7,0
2,0,1.5395266855996639,7,0
86,0,16.59498487236029,4,1
84,0,39.10474514781359,1,1
89,1,14.484241019371778,7,1
79,0,16.78998318422226,6,1
93,0,39.24458958855868,8,1
72,0,5.897839778572114,5,0
37,0,42.35596680194799,8,1
49,1,13.363046526149915,10,1
52,0,2.65603124434252,8,0
33,0,5.955401049544094,9,0
22,0,47.6324888482673,1,0
5,1,22.621065356689037,3,0
18,1,12.896261489323058,6,1
38,0,26.111420413941836,4,0
37,0,34.149098004350634,8,1
94,0,16.00804056139906,10,1
95,0,36.2910330377351,1,1
64,0,12.68737734026938,5,0
10,0,5.705627878997623,4,0
79,0,27.530440196417832,1,1
42,0,7.640821927117102,10,0
48,0,47.03019544708708,6,1
44,0,0.12240650377935346,10,0
82,0,37.80923538833067,3,1
87,0,14.045712877449853,5,1
97,0,42.31973440244111,6,1
16,0,3.101529098644725,4,0
54,0,47.65472985514862,10,1
35,0,5.1596047032673695,10,0
98,0,39.41534947626872,6,1
28,1,25.91537646041666,7,1
2,0,21.57670011469149,2,0
94,0,14.079773716922551,7,1
13,0,42.084339808928355,7,0
41,0,10.067594736894211,2,0
80,0,36.089939622143675,3,1
59,0,22.345003386297517,3,0
69,1,49.92490085664877,1,1
92,0,30.608811106471656,1,1
53,0,5.299061230806043,10,0
45,0,21.034107338684777,6,0
20,0,3.408319121221269,9,0
24,0,14.354216156016816,9,0
61,0,17.231508064567123,1,0
91,0,42.67351275614618,7,1
94,0,41.91557508271603,6,1
58,0,0.6767052771717199,4,0
27,0,26.66070288875411,3,0
26,0,11.254833404603794,9,0
7,0,16.072645592473233,10,0
42,1,1.1803991477242062,5,1
47,0,37.51231868572112,8,1
53,1,47.53442981004483,4,1
59,0,11.041425311661204,4,0
38,1,17.154466065686844,6,1
69,0,10.401056337020224,6,0
87,1,46.50942831571228,3,1
92,0,0.5668627985805956,2,0
98,0,29.234727836422653,9,1
53,0,43.55112165999528,2,1
15,0,9.396727988355805,9,0
96,0,29.5407650389679,8,1
26,0,2.627340432757757,10,0
48,0,40.747798165033686,7,1
95,0,13.794013226369614,5,1
19,0,49.438795518043506,3,0
9,0,46.10828006243987,2,0
64,0,36.652546899642424,8,1
93,1,24.892447804437438,2,1
54,1,38.352796681859004,8,1
51,1,6.61739147238383,5,1
39,1,15.578962016747141,9,1
4,0,1.442129789985167,4,0
3,1,32.286729616326035,8,1
64,0,40.29632814026757,7,1
29,0,47.31964912030707,8,1
11,1,34.35670853400704,5,1
97,0,36.63135288711419,2,1
58,0,44.78324333392406,7,1
75,0,46.825263640020495,3,1
27,0,24.615747738498317,10,0
97,0,5.578390746442886,10,1
21,0,23.374223762620648,10,0
39,0,27.84808575732726,10,1
95,0,31.614084092637647,2,1
46,0,49.465299409732744,3,1
66,0,45.886404443009454,4,1
91,1,19.87857371701185,10,1
36,0,5.76133894490842,7,0
75,1,10.818100751311283,10,1
82,0,8.772601179387685,1,0
65,0,17.86503508473493,6,1
63,0,43.83681526886708,6,1
99,0,21.954628456821094,8,1
35,0,28.407140832753072,2,0
31,0,9.04042705445187,2,0
28,0,24.693129221121385,1,0
1,0,43.69402329787457,3,0
25,0,38.69581684955203,7,0
43,1,4.151416718371177,8,1
84,0,43.11740621063075,7,1
67,0,13.764022061254334,9,1
63,0,33.31924084206437,8,1
51,0,7.404506966622293,8,0
2,1,33.76475406728153,2,0
82,1,1.8815012999724496,1,1
64,0,30.07217058340387,6,1
74,0,32.33241452099108,7,1
69,0,12.3003860315473,6,1
9,0,46.85510687655295,7,0
2,0,2.3940221213039257,8,0
34,1,44.59629540656845,2,1
60,0,19.156684633362296,1,0
61,0,35.72434561095505,10,1
31,0,32.61226652466198,8,0
10,1,8.495486179796975,8,0
76,0,16.018063851933952,8,1
36,0,26.53070669753544,10,1
85,0,42.34086249219188,7,1
49,0,47.74751778917989,2,1
70,0,1.1272730035283636,4,0
49,0,17.692656948003332,9,1
3,0,33.44038183666488,8,0
74,0,26.433698718809087,4,1
5,0,47.15680358125228,8,0
90,0,0.9467747833437947,10,1
61,0,21.943195991020033,6,1
85,0,33.47331200545065,9,1
90,0,10.957427322011,1,0
26,0,36.320982167135924,6,0
72,0,4.153308548243293,4,0
5,1,22.60682262111764,3,0
15,0,33.84412431391617,5,0
16,0,13.411180699200031,10,0
1,0,3.784936241995613,8,0
16,0,47.855378328992195,10,1
37,0,45.69976913688361,6,1
3,0,46.32585858942547,1,0
52,0,48.92726892655663,6,1
47,0,9.31643291512744,7,0
95,1,7.973022289843016,6,1
13,0,1.807307851763084,3,0
80,0,44.60195710212734,9,1
55,1,37.66286577268401,10,1
21,0,31.69979431481286,10,0
66,1,46.391040343388255,4,1
54,1,28.796323063175606,5,1
27,1,6.573564561004845,5,0
38,0,8.925537299256893,3,0
90,0,6.695978123871015,2,0
58,0,15.45213483487932,8,1
62,0,19.03689197236933,7,1
46,0,39.8622693277659,5,1
89,0,9.643570181122636,1,0
11,0,36.29572112690073,10,0
72,0,24.61230225551393,1,0
8,0,49.98303006430081,8,0
97,0,38.851464806138964,4,1
71,0,48.45075413379931,4,1
64,0,17.183339931602884,9,1
21,0,6.240204638996267,2,0
72,0,25.34420067674578,5,1
63,0,6.299549745787353,6,0
85,0,24.673340072617034,6,1
64,0,13.570057206151482,10,1
20,0,24.603255900161525,3,0
8,1,47.4868465607361,10,1
58,0,14.522799804752509,6,0
46,1,49.6723590635411,10,1
31,0,11.543540523263866,10,0
93,0,10.484608111951966,5,1
9,0,27.284947297659542,8,0
15,0,42.11804242197267,4,0
94,0,37.500225607168964,10,1
26,0,36.20449307126866,10,1
10,0,14.203383763491331,3,0
29,0,1.2235871259091557,6,0
80,0,8.171239678198194,10,1
36,0,17.53871772684471,9,0
84,1,48.587019153453014,8,1
37,0,45.99689515289659,10,1
86,0,10.112164904578352,8,1
71,0,36.308561651436314,3,1
23,1,28.992941159478736,1,1
41,0,2.5871482393775405,3,0
93,1,18.648110003799626,3,1
80,0,24.355079644258538,6,1
28,1,33.41194875517008,3,1
48,0,14.815765289120728,2,0
38,0,46.697549589818664,9,1
31,0,22.648764929513113,6,0
14,0,12.501628243436558,5,0
97,1,15.889761553637658,3,1
73,0,37.61908288808632,7,1
91,0,32.05023984197071,7,1
88,1,37.13468327014442,4,1
77,0,14.687857083512899,10,1
90,1,16.409746063326867,2,1
29,0,19.896283915884176,2,0
51,1,9.510790624900698,8,1
49,0,34.58312279231878,4,0
43,0,16.53454075248465,7,0
92,0,16.37918758468287,3,1
92,0,13.541311997368279,9,1
72,0,22.696107454601126,10,1
87,0,38.62160635378711,9,1
93,1,41.79687440236784,7,1
5,1,40.244943096393015,7,1
42,1,31.097559522833162,1,1
7,1,14.093333999408083,10,1
42,0,36.76927476983805,8,1
36,1,2.064160892932222,2,0
27,1,39.92780512479137,8,1
58,0,39.03335544692208,2,1
46,0,33.53305554750625,1,0
66,1,4.986479954280328,8,1
25,0,49.86733264286205,4,0
73,0,37.84481870080966,10,1
27,0,36.76686086729386,6,0
1,1,3.2939918412126445,10,0
87,1,19.99538581598764,10,1
74,0,4.400032682384373,1,0
42,0,18.11574663977113,9,0
52,0,28.567229162423452,7,1
25,0,43.955722198995105,5,0
54,0,14.218592876425394,6,0
67,0,31.208391158865503,3,1
6,1,8.316130925005801,9,0
58,0,17.762796461416983,2,0
70,0,47.367150014293,10,1
53,1,37.407281687578305,1,1
66,0,27.335707632939872,1,0
58,0,12.659670277892463,10,1
82,0,19.047290609930048,2,1
87,0,7.918997359240473,6,1
2,1,17.73801293554334,6,0
76,1,7.616578031730897,9,1
22,0,39.7858209472546,10,1
37,0,4.129878588120181,4,0
20,0,9.551333442374544,8,0
24,0,34.58921981605962,4,0
84,0,45.135583949786884,3,1
65,0,48.233121327403325,4,1
65,0,41.817543545364764,1,1
81,1,10.652441640674624,9,1
1,1,14.35699316301928,5,0
94,0,43.55054241462779,7,1
3,0,44.47771494073113,3,0
46,0,32.06859297442361,5,0
55,0,15.750690849424812,10,1
75,0,11.280427485994236,4,0
88,0,42.62890669321104,7,1
86,0,10.342224422642815,5,1
64,0,33.124037099052615,2,1
45,0,48.400871802433194,3,1
26,0,35.294040485739735,8,0
77,0,12.957748626913416,3,0
65,0,14.197044473594797,7,1
24,0,4.735449293503179,5,0
74,0,34.34325074904453,7,1
35,0,25.96994050504359,10,1
24,1,10.402937806854736,9,1
28,0,11.460648197416562,7,0
80,0,0.5503252828824373,6,0
16,0,48.92312801542164,1,0
59,1,41.41810745849248,4,1
81,1,19.769080531358334,8,1
54,0,47.30988355462517,1,1
79,0,33.88828496380464,6,1
16,0,37.5979805278279,2,0
15,1,34.029779443699645,9,1
98,0,37.866756714519106,8,1
11,1,8.629852513965274,9,1
65,0,28.16366007698642,9,1
79,0,42.48387614188403,2,1
90,1,1.0751749401059125,2,1
68,1,6.259803374088198,9,1
43,0,12.357426502088346,2,0
69,0,14.806862166711078,4,0
99,0,9.216922942877677,2,1
13,0,31.254086457560202,1,0
10,0,14.7715516525678,10,0
75,0,7.989182201308217,7,1
82,0,45.30072649112134,5,1
98,0,34.78222312421175,3,1
41,0,12.378331454098722,8,0
50,0,18.111586302227472,5,0
87,0,37.06519958814606,1,1
71,0,39.5664126711669,9,1
59,0,8.904164654469431,5,0
39,0,46.83514659527921,3,1
3,0,39.28506975560161,6,0
76,0,42.8550404129793,8,1
7,0,7.278554467468636,2,0
49,0,7.2540208954478125,3,0
26,0,15.337905326845837,7,0
33,1,3.3258563392861515,2,0
48,1,4.644259610102967,5,1
79,0,7.246037060444867,9,1
2,0,35.650243660978866,7,0
71,0,1.6084915528958386,3,0
32,0,4.253914590293169,2,0
4,0,47.2147584556655,10,1
20,0,4.274468415449969,9,0
36,0,26.91937227642319,9,1
32,1,32.164402293910854,9,1
28,0,47.93381633439323,10,1
77,0,45.00015562379103,3,1
1,0,22.090070082611444,1,0
60,0,47.113986659693595,9,1
56,0,21.670067152416113,7,1
35,0,33.52894390198455,2,0
30,0,13.054442728837854,6,0
54,0,31.86856184188821,9,1
36,0,26.95562833597241,8,0
55,0,30.380869033436838,6,1
89,0,34.16429494654971,6,1
80,1,8.75541947509666,8,1
58,0,15.13301376868553,9,1
83,0,36.83844520758385,8,1
65,1,8.274816914907051,1,1
69,0,17.27758292207565,2,0
51,0,33.35728668554533,6,1
22,0,46.888784161064514,8,1
88,0,3.8574803192982468,4,1
53,0,25.876383874624448,4,0
36,0,4.187076427963919,2,0
68,1,19.018684352481877,10,1
36,0,8.851786553958533,1,0
52,0,32.50697728666782,10,1
53,0,37.91584434253922,9,1
82,0,12.442426007288294,7,1
50,0,35.673068737732024,9,1
80,0,22.396264999048316,2,1
41,0,14.250643516414597,10,0
18,0,26.217743267468055,5,0
22,1,19.044542176666184,2,0
66,1,11.576813102306811,10,1
21,0,37.866555326886214,7,0
44,0,39.89645503187161,9,1
47,0,40.03558081367468,3,0
39,0,19.16892552218116,1,0
29,0,8.559469725327707,4,0
54,0,42.036522947223176,4,1
90,0,16.530267436662047,6,1
85,0,37.42853343237577,5,1
17,1,40.89078299610132,5,1
80,0,38.43080963037762,9,1
60,0,19.551320931471302,1,0
31,0,46.90703465680459,8,1
73,1,33.04210459847215,8,1
95,0,28.82973958763403,8,1
78,0,34.925664193543184,3,1
49,0,2.331883450942965,10,0
2,1,19.58669714165404,8,1
48,0,44.07273597692592,2,1
14,0,8.137877104636136,8,0
59,1,20.77859232204285,8,1
97,1,20.321874759481346,3,1
99,0,17.866481364080922,4,1
58,0,28.1613313100631,9,1
58,0,49.81028267432616,9,1
51,0,12.866857554452823,10,1
84,0,35.27736041649208,9,1
2,0,37.92395038900597,10,0
41,0,29.266474136015148,6,0
83,0,4.964036826268932,1,0
82,0,28.661437517530334,8,1
16,0,47.677877336057115,9,1
4,0,17.168801204994807,8,0
12,0,32.02043750633347,1,0
29,0,47.97394684801989,6,1
7,0,39.91971503361387,9,0
14,0,34.44655571188244,9,0
12,0,48.560329050538876,7,0
99,0,8.61208946941013,7,1
5,0,38.66016454614195,4,0
81,0,20.401104789406393,7,1
32,0,18.085541215257162,10,0
74,1,26.081558468657825,5,1
43,0,1.7841778329951647,10,0
81,0,15.695228084325302,5,1
69,0,8.394153176718252,1,0
45,0,7.0206758809235055,2,0
9,0,16.933291450002898,9,0
49,0,40.132991464734395,2,0
33,0,10.135442285967928,10,0
18,0,26.617647643177243,2,0
9,0,37.45794408235423,9,0
62,0,12.124479591765416,3,0
57,0,46.21774445821302,2,1
29,0,43.338245376247016,7,1
78,0,12.633792765518745,9,1
25,0,49.48293956155311,6,1
15,0,33.49163759633932,7,0
6,0,14.376391867277977,3,0
42,0,34.08376901974785,3,0
29,0,33.34578869312425,8,0
79,0,30.34906187424302,7,1
93,0,35.6136359428159,5,1
4,0,13.488952949724478,6,0
82,1,48.951375730917775,9,1
57,0,42.90899828803039,3,1
49,0,37.31249349620312,3,0
44,1,1.412619180802131,6,1
80,0,29.56023012520614,8,1
75,1,35.35355100830479,5,1
14,0,42.719581372683365,1,0
3,0,47.31324037726823,3,0
62,0,45.801069687093445,8,1
64,1,20.361642130886146,4,1
45,1,44.83540927990025,9,1
82,0,0.13736557982207254,6,0
58,0,17.638613054238547,10,1
20,0,5.782665354596642,4,0
58,0,44.1650782325051,4,1
89,1,46.40629708113591,10,1
57,0,12.874820065696161,5,0
77,0,18.428791361460622,7,1
68,1,49.19549320891291,7,1
78,1,28.346566840096884,10,1
97,0,24.903086586739814,7,1
92,0,25.071727708327206,5,1
52,1,34.83979014571185,9,1
37,0,47.73169743512349,2,0
8,0,18.394459244643404,8,0
44,0,8.715631512837243,10,0
98,1,9.332143318434222,8,1
5,0,1.1159160004368438,3,0
69,0,27.814983756352778,5,1
31,0,46.46294922163549,8,1
45,1,35.6825370794095,10,1
9,0,49.648929875966296,9,1
32,0,45.485417630530236,7,1
33,0,24.64369790218217,4,0
67,1,24.378814091500786,4,1
30,0,31.455025768445555,3,0
76,0,5.635686310375322,8,1
29,1,30.423443598518357,6,1
3,0,23.257293588609727,10,0
90,0,32.17274729096331,6,1
57,1,28.303977417431103,10,1
30,0,15.588753428197478,10,0
9,0,30.4273229526185,9,0
26,0,18.36411620819702,3,0
2,0,9.811594918326112,4,0
62,0,33.78603530312578,3,1
3,0,15.38671994162715,3,0
46,1,44.4623365153152,1,1
68,0,10.04668973973926,10,1
25,0,30.047187517782447,6,0
51,0,28.62028386497774,9,1
13,0,9.967315859977463,5,0
44,0,22.05035325934054,10,1
35,0,33.809384699985436,2,0
55,0,15.994507504049711,10,1
87,0,5.7801498046325035,4,1
9,0,30.800511676398248,6,0
2,0,11.283682922799752,7,0
61,0,34.10560148551242,7,1
41,0,41.98940811954996,4,1
44,1,6.255433035344799,10,1
64,0,21.936694200842915,10,1
31,0,22.30162124050526,5,0
47,0,31.66354234084928,4,0
2,0,16.786955646998642,10,0
96,0,20.98660086388013,6,1
82,0,0.6983630770099366,7,1
77,0,6.209052968044638,2,0
69,0,28.536118767794704,10,1
58,0,10.8732004347219,3,0
44,0,7.314386800839115,8,0
74,1,16.288197121411745,7,1
56,0,8.260431177162861,1,0
43,0,3.075159580257337,4,0
89,0,14.264526632294348,5,1
34,1,8.301486224141,3,0
30,0,39.989847542508336,4,0
71,0,3.2265826498400907,10,1
70,0,37.39741751465794,10,1
55,0,19.20153773941177,10,1
67,0,33.79853333653482,7,1
13,1,2.72920287303612,8,0
3,0,46.04312933999959,9,0
26,0,38.39204729285531,2,0
57,0,7.093139286523884,4,0
24,0,11.017340114265282,1,0
53,0,32.23541200871034,3,0
70,0,46.08597395428808,8,1
43,0,22.347036311211053,7,0
60,1,24.333076471588104,8,1
58,0,11.96623304331258,6,0
49,1,19.2122426934945,5,1
42,1,14.372283371232253,10,1
76,0,17.593500366926875,9,1
66,0,1.1278214752918259,5,0
11,1,2.148931159144664,9,0
98,0,34.06625804205425,4,1
90,0,34.121579927239175,5,1
18,0,16.578506956758165,1,0
85,0,44.28457359801646,6,1
52,1,13.378994598376176,3,1
46,1,19.849660620497296,10,1
44,1,36.59564365172949,2,1
22,0,37.20404907775594,6,0
53,0,43.07217155898867,1,0
59,0,1.550046191107525,9,0
94,0,9.269558188943806,5,1
30,0,32.064531356436035,7,0
8,0,16.976168484896547,10,0
98,1,2.273727379450321,9,1
57,1,29.364687027943756,9,1
73,0,19.7143526033941,7,1
20,0,18.26833344134645,4,0
25,0,13.29177780582271,4,0
19,0,0.39929486653643564,7,0
5,0,9.199764846834281,8,0
75,0,23.764341361148393,7,1
79,1,13.859249009081559,10,1
72,0,43.73199509524641,4,1
83,0,7.235683141602682,4,0
87,0,43.779480323106455,8,1
27,0,20.300807843935793,9,0
40,0,13.864431622128835,7,0
96,0,15.284163739890491,3,1
26,1,16.570532562166708,10,1
27,0,25.377542835650665,1,0
62,0,17.75872733206385,5,0
83,0,32.395596717205564,6,1
50,0,21.316432453438264,9,1
42,0,33.615021113167074,5,0
29,0,30.260878275744943,1,0
39,0,12.298253224220142,4,0
60,0,40.657387063719405,2,1
41,0,39.96917524186888,4,0
33,0,49.45012530411714,7,1
83,1,8.835001708229473,9,1
83,0,42.4071271417569,3,1
97,0,43.611848034876495,3,1
16,0,32.14399191345827,4,0
23,1,25.36860041135625,7,1
7,0,47.86725185283476,6,0
26,0,48.63732720102883,5,0
96,0,32.12070307147584,4,1
12,1,18.042036910415707,8,1
72,0,40.876542654950605,4,1
5,0,4.553847814024654,3,0
92,1,14.600722637086342,7,1
69,0,49.27915930916522,2,1
49,0,40.73523602162778,4,1
26,0,46.98516533129928,8,1
5,0,29.780249112149274,4,0
22,0,20.442855661590986,10,0
79,1,48.98653615921279,7,1
13,0,15.540336734272021,2,0
28,0,37.894972517555274,5,0
33,1,27.954527199220394,4,1
23,1,11.502506561171822,9,1
97,0,0.9724160416862786,7,1
18,0,19.249828116153765,9,0
30,0,27.429501104577703,10,1
26,0,9.241201007577983,7,0
16,0,20.786288804475213,2,0
77,0,30.797977539882098,2,1
39,0,35.774664008414106,2,0
33,0,2.7318522423362155,5,0
26,0,33.24262300793781,1,0
48,0,2.9276987129982213,7,0
65,0,1.5064562184312547,2,0
38,0,7.705360092934235,4,0
2,0,32.71683845485711,9,0
6,0,2.7357899999343878,8,0
46,0,1.1427209890581496,10,0
50,1,5.986179616242938,2,1
38,0,47.491077436457495,4,1
88,0,45.373159721368104,4,1
18,0,4.4146521574727355,2,0
27,0,15.270257857476494,2,0
41,0,47.36989270845861,5,1
72,0,4.9746149054794095,4,0
92,0,4.820339500853609,8,1
74,0,4.391594496962973,4,0
17,1,48.826164331023925,8,1
62,0,37.18111481279338,5,1
29,0,10.80276993122899,1,0
58,0,2.392768338695497,9,0
70,1,48.265551294685515,8,1
78,1,21.33190318380859,1,1
22,0,29.958931875919234,3,0
6,0,14.031892051556456,3,0
26,0,37.94218008231754,5,0
39,0,9.920437060111421,7,0
12,0,39.36690547543817,1,0
99,0,11.60709186241823,1,1
14,1,4.985820061638759,10,1
22,0,23.9932454710871,6,0
51,1,40.679518664092974,5,1
23,0,19.304748353462248,3,0
48,0,1.5407951683970744,3,0
71,0,27.710154643683364,4,1
50,0,34.05552230728402,10,1
89,0,37.060677772266736,2,1
13,0,20.15605522003327,9,0
85,1,4.9412796114707875,4,1
10,0,29.257889079722982,10,0
55,0,16.54443947338527,3,0
9,0,47.349685365515164,10,1
79,1,25.185334192260253,7,1
52,0,23.666075735269036,9,1
2,0,15.529555662686004,2,0
25,0,17.00544661863904,6,0
13,0,25.68646372558761,5,0
98,1,15.40257328621824,1,1
51,0,44.62601372998377,7,1
58,0,22.006994828212523,1,0
34,0,14.671901992249913,10,0
35,0,7.854202193703352,9,0
3,0,33.65030124238787,4,0
59,0,1.3867684699506448,8,0
70,0,22.554789779780027,1,0
48,0,27.551078836324475,5,0
64,0,17.05525208292855,3,0
19,0,37.515905589022786,4,0
67,0,33.81545879221315,4,1
82,0,48.57280947974109,8,1
73,1,25.48746328455513,10,1
76,0,26.93683699500621,10,1
5,0,12.367382027771725,3,0
67,0,19.335646147462956,1,0
11,1,1.4403434987993682,5,0
94,1,34.49481195102471,2,1
68,0,15.649977704208645,6,1
69,0,27.064313782368227,4,1
1,0,12.824120580906358,9,0
91,0,31.08970639694897,7,1
92,0,22.434366398406816,2,1
63,0,24.14484655407608,7,1
29,1,47.13609627678478,10,1
82,0,35.33740012388062,8,1
12,0,13.168796806443689,3,0
77,0,25.24569870529713,3,1
41,0,23.38697367069372,2,0
2,1,39.773125083230354,1,0
37,0,41.684420193400506,3,0
45,0,14.243796854812096,10,1
80,0,41.0754575499212,7,1
48,0,9.057120124020972,9,0
24,0,38.162250671430996,9,1
99,1,12.5143487356879,6,1
22,0,14.966764754923465,6,0
11,0,42.6381452254308,5,0
58,1,21.06173576630922,2,1
46,0,49.52923466032917,7,1
29,0,7.6819571923813115,1,0
35,0,23.221116998180204,6,0
15,0,36.64927151235592,4,0
60,1,0.3678161931275218,3,1
95,0,7.677578381831566,1,0
42,0,1.1158017956079176,6,0
43,0,49.64460548259941,7,1
80,0,38.05517065483138,1,1
74,0,18.74059897755535,1,0
49,0,7.898618241369109,7,0
64,0,4.610123815892188,6,0
32,0,26.642169307490505,7,0
64,0,48.79697677814002,8,1
2,0,33.76308613842242,8,0
24,0,18.3204045761106,9,0
87,0,25.092463564550666,9,1
66,0,49.94527806017865,7,1
38,0,25.98643482133408,9,1
31,0,48.21365414024015,6,1
26,0,0.9164497690095172,9,0
29,0,36.07606009888521,2,0
67,0,31.395356315734517,2,1
78,1,34.29795993702035,6,1
25,0,28.571297753946897,3,0
48,1,2.304421134458626,2,0
65,0,7.563240381042111,8,1
53,1,46.12033838972721,7,1
67,0,11.722957917519118,8,1
90,0,49.64756973941439,6,1
18,1,34.011465371291386,9,1
9,0,22.27328905729661,9,0
38,0,46.0104379361584,2,0
87,0,39.769810861911026,10,1
21,0,21.50535747128661,5,0
65,0,3.522789316141067,9,1
21,0,43.42839826927159,3,0
27,0,38.275492574781225,5,0
70,0,39.55766838080666,8,1
44,1,37.26845076300522,2,1
28,0,13.860149019966336,6,0
45,0,42.95640141149995,4,1
17,0,0.21140440189102666,6,0
40,1,11.940086291349257,3,1
3,0,2.423323981327365,6,0
76,1,5.618763187781104,7,1
76,0,26.66571896212352,10,1
66,0,1.9590838780576172,3,0
46,0,9.150914280248939,5,0
86,0,11.713733354802303,8,1
87,0,32.80140637634736,2,1
30,0,23.49414416996677,7,0
69,0,22.97478490046737,1,0
9,0,38.44478445745546,7,0
85,0,22.890398462509324,1,1
11,0,17.48958827161051,4,0
69,0,48.12630717565621,4,1
99,0,0.5138361409490643,5,1
91,0,15.339110703761653,2,1
66,1,30.50869654734818,6,1
88,0,39.162180879034985,6,1
31,0,40.83900644245236,8,1
33,0,2.3990492795731067,10,0
39,0,35.485689572323636,1,0
94,0,36.040656809243664,4,1
46,0,10.782563130667778,2,0
37,0,5.727473920657591,8,0
92,1,37.509339268995575,4,1
60,0,12.550050311240176,8,1
31,0,0.18352282377549392,2,0
11,0,11.256272918485365,4,0
87,0,1.6502936399339965,9,1
2,0,12.534415666037015,5,0
27,0,16.817477158357867,6,0
99,1,13.642867960943779,10,1
2,0,46.0048596522443,9,0
21,1,11.703394074525702,9,1
58,0,23.429987656627258,7,1
5,0,47.87563693281794,2,0
52,1,43.972054619374084,7,1
45,0,15.53199787918479,9,0
85,0,16.39186571837769,2,1
93,1,29.707137185221544,7,1
20,0,45.90135625263607,7,0
61,0,0.5989897932445856,3,0
38,1,19.716677630040543,6,1
20,0,42.503796769474974,8,1
25,0,20.58245192150012,10,0
2,0,36.03073827347497,8,0
32,0,34.627052630368894,3,0
26,0,10.352389610555326,6,0
70,0,22.534765767912464,2,0
41,0,28.352716969352333,2,0
67,0,35.80160046868008,8,1
97,1,41.137242615596755,10,1
1,0,38.02066723735771,5,0
51,0,1.512742222522985,5,0
5,0,33.56482829592311,4,0
13,0,24.916041646398092,10,0
19,1,28.735700619093983,4,1
12,0,18.71101401601926,8,0
48,0,35.72990810788658,3,0
25,0,33.72703675474475,3,0
57,0,29.01637542467264,8,1
35,0,43.0941160762068,3,0
76,0,5.184811242092806,2,0
94,0,15.121061468422154,5,1
5,0,24.80700771862111,3,0
98,0,47.93438008384682,6,1
22,0,3.690972975462778,7,0
77,1,16.92016675024337,3,1
57,0,46.3019386309249,9,1
47,0,44.90758361571325,10,1
54,1,43.27575397830935,1,1
3,0,15.488683754469058,7,0
53,0,42.35710540957517,4,1
84,0,25.316436653606342,7,1
31,1,31.026964317713883,9,1
69,0,12.017362782497367,9,1
88,0,35.36302705706314,1,1
33,0,16.4520855023564,10,0
72,0,17.25963326342051,4,1
88,1,31.877177087069416,7,1
50,0,12.067612916486137,10,1
84,0,11.299492289966247,6,1
16,0,18.52123083554427,9,0
76,0,38.92537489045576,7,1
77,1,11.311634248251147,3,1
39,0,39.387187688627286,7,1
89,0,34.81070333052102,10,1
46,0,33.98608603546046,5,1
96,0,23.790308118299187,2,1
88,0,37.31980288463162,10,1
47,0,0.7746240531835632,3,0
44,1,15.349802182454551,6,1
9,0,33.988959444808344,6,0
87,0,49.36604167083761,7,1
50,0,0.22546562010536994,6,0
77,1,25.547616025182023,9,1
60,0,46.199437808947515,5,1
96,0,43.190615302352015,5,1
15,0,1.2544961182456287,8,0
36,0,26.52495055479919,8,0
63,1,0.3139263607049846,1,1
69,0,39.499789916795535,3,1
86,1,15.512854620258354,6,1
80,1,38.3029740295729,6,1
41,0,47.24518775100824,1,0
74,0,48.8066442023419,2,1
24,0,44.71614792581916,10,1
82,0,10.286758313430813,7,1
49,1,9.810548479407045,1,1
18,0,31.326443601022767,10,0
7,0,27.24827874417399,5,0
4,0,0.5757769292873075,1,0
90,1,19.647194822451326,6,1
69,0,45.34388117530705,7,1
60,0,44.92811504410111,8,1
55,0,10.274953516392138,3,0
16,0,19.159957150947314,3,0
99,0,28.062263948704523,1,1
90,0,42.653934828101995,3,1
82,0,26.64652251814328,5,1
29,0,48.41317064190544,6,1
23,0,39.97270168559561,3,0
14,0,47.659284461633234,4,0
79,0,36.60146169697953,5,1
49,0,43.893444554190246,5,1
33,0,41.56708923965469,9,1
25,0,12.766540238882286,8,0
21,0,11.55386753036801,1,0
17,0,43.2327329302909,2,0
23,0,4.325419102264114,5,0
57,0,20.48732387451662,3,0
81,0,41.0508227372494,7,1
58,0,40.68064265887456,6,1
14,0,7.025262252945449,2,0
93,0,24.43671906277475,8,1
20,1,24.04363689598403,5,1
30,0,16.253700476717,6,0
19,1,45.8673391387104,8,1
53,0,32.69056883908602,6,1
56,0,49.01135574323409,10,1
77,0,3.431633920255265,3,0
82,0,19.778073628255495,7,1
23,0,41.77336434873065,4,0
62,1,21.192014893686746,6,1
33,0,13.167713549461876,6,0
18,0,49.89059646142365,5,0
73,0,43.66893199614546,1,1
33,1,27.36903569884248,8,1
32,1,28.129290888705714,10,1
61,0,0.44246173332389627,2,0
54,0,49.051629586067286,4,1
17,1,40.33412857918383,3,1
19,0,1.93279504127698,6,0
91,0,8.898876588741906,1,0
70,0,41.06945839184149,9,1
99,0,4.434590858770838,5,1
34,0,47.0951078027274,5,1
84,1,49.9945640013162,4,1
25,0,44.33299719805658,4,0
68,0,36.97130906894009,1,1
74,0,24.415389323321783,9,1
74,0,4.213235859733941,9,1
88,0,36.54926696892588,4,1
85,0,19.903571185991535,10,1
11,0,28.554408694219056,10,0
91,0,14.740184759467244,4,1
16,0,12.183584874785598,7,0
90,0,16.28241823645561,4,1
61,0,40.71001836834428,1,1
94,0,21.38192785396204,9,1
80,0,15.654224806931156,2,0
7,0,21.70522282401855,5,0
16,0,1.7111395607287685,4,0
99,0,44.54115371248762,8,1
16,0,27.632901802427227,6,0
40,0,5.33082873332119,7,0
12,0,14.491505904261848,2,0
35,0,49.17928216900095,4,1
21,1,29.693565577555763,4,1
50,0,14.641103856302287,2,0
43,0,21.374648502163108,10,1
17,0,12.997891493823213,4,0
32,0,1.6870324302650261,9,0
41,0,42.1172986043875,8,1
6,0,14.694684221228998,1,0
88,0,41.936695868865094,8,1
27,0,23.97999762902478,9,0
20,1,9.226442383686596,8,1
25,0,40.11324779091247,10,1
66,0,18.917862904684146,1,0
9,0,35.41568647155036,8,0
92,0,41.877760484533745,5,1
53,0,48.1529842515583,9,1
61,0,4.382145176053473,9,0
38,0,0.5184854438378229,6,0
3,0,27.46640657797013,3,0
84,0,13.285623997562505,7,1
70,0,23.508179308204458,3,1
97,0,3.7256684890897622,7,1
55,0,25.12929342900065,8,1
1,0,6.330297093589206,5,0
70,0,41.945529134132656,5,1
45,0,37.99839145155919,4,0
98,0,3.7962715530403828,3,1
47,1,41.833882700923915,8,1
79,0,16.315428771988667,6,1
26,1,17.70770116957881,6,1
14,0,9.072198354653922,2,0
54,0,41.781675662474655,4,1
71,0,20.2948176160364,5,1
46,0,2.5369099469476537,10,0
31,0,48.315856428525535,5,1
88,0,12.868771976647025,3,1
59,1,46.815246167532955,10,1
95,0,15.131794296073348,5,1
29,0,41.58818707543589,5,0
96,0,33.24455267371362,2,1
17,0,43.07804325627928,5,0
14,0,48.80828753647457,3,0
36,0,43.58703580448498,3,0
58,0,20.242891558851024,5,0
24,0,40.74372372660862,9,1
63,0,35.611375434323946,2,1
91,0,3.174023174499505,9,1
25,0,46.495028877107444,3,0
59,1,23.351458472178876,7,1
32,1,6.8090832282431695,1,0
82,0,21.326367050187486,1,1
18,0,30.196748131561726,8,0
37,0,28.69001164168709,9,1
26,0,28.78220297463652,3,0
9,0,12.866380229271508,6,0
99,1,31.671852226117334,3,1
64,0,45.38000020550537,6,1
72,0,19.494480632924876,7,1
20,0,31.565956102743478,5,0
54,1,12.274951649661583,3,1
86,1,2.509222907416222,8,1
83,0,29.327995059578317,5,1
30,0,2.472735129042771,1,0
53,0,36.20687128653162,9,1
92,0,33.55059962030803,3,1
99,0,18.52931844317564,2,1
63,0,20.623376471434295,3,0
11,0,45.89627073021726,7,0
31,0,0.7553679136008308,10,0
49,0,28.208838703067304,8,1
94,0,46.175720174149724,2,1
87,0,45.70796366370288,7,1
19,0,29.274322614852156,5,0
12,0,19.12337694558894,9,0
15,0,5.035285963985461,7,0
31,1,8.77183177023629,1,0
43,0,34.015700424662704,1,0
37,0,0.9300407821074147,6,0
79,0,44.185930262758326,9,1
29,0,29.437930060279587,1,0
26,1,2.3528184470117317,3,0
2,0,12.064394267562463,5,0
84,0,29.75062543732597,4,1
15,1,1.8765031464447748,1,0
4,0,39.02137135769234,10,0
86,0,46.0041111348471,4,1
50,0,48.06489762576667,4,1
38,0,36.709596420336204,10,1
23,0,42.855590994891905,4,0
59,0,30.574302370253847,3,0
90,0,22.98132886062457,7,1
75,0,35.68542419327314,1,1
28,0,11.28661514670848,2,0
66,1,5.578237877157956,1,1
8,1,38.11636370883204,4,1
29,0,47.91352096999486,5,1
11,0,28.916218683168374,10,0
18,0,24.17886431279323,5,0
55,1,26.766771140482007,2,1
50,0,23.975362800803143,3,0
14,1,22.165794030744188,4,0
74,1,47.35708113789602,10,1
99,0,24.040183237299594,6,1
9,0,4.14701180659753,6,0
99,0,38.2992822856048,2,1
11,0,19.638924010054943,2,0
63,0,35.563607932869296,9,1
76,0,29.020511042762895,2,1
67,0,35.68768525127694,2,1
53,0,3.19349845608041,3,0
39,1,1.7902788011243707,9,1
78,0,18.989227080071945,6,1
56,0,34.68899027731484,6,1
28,0,11.261758092609105,10,0
75,0,21.726695826332346,5,1
39,0,49.042432172251424,7,1
25,0,10.82224027041554,4,0
21,1,42.41237874239104,10,1
10,0,41.29049815207871,10,0
43,0,44.57847404592052,3,1
15,1,45.76557300707648,7,1
83,0,25.415277600666798,10,1
48,0,34.12849578145923,1,0
86,0,30.982656509583148,6,1
21,0,15.516532164241292,2,0
60,0,14.061400549119895,2,0
96,0,17.144341478104458,8,1
50,0,11.001040827183838,3,0
23,0,37.89343916959049,9,1
13,0,48.232186134483136,4,0
69,0,43.40180991772011,6,1
4,1,10.97522616401019,1,0
92,0,2.6905819885377737,10,1
78,0,37.87898596290154,10,1
72,1,19.57166891483995,3,1
9,0,41.248169546719076,4,0
35,1,38.98386624966396,5,1
21,1,31.307971574750486,1,1
58,0,12.841432785531829,4,0
18,0,5.291384814724335,5,0
97,0,12.707151470201145,4,1
72,0,25.537008797738814,10,1
81,0,48.97520248455486,10,1
43,0,3.277993285997897,7,0
95,0,10.083592840714996,8,1
98,0,31.40124493885202,8,1
6,0,15.287783293884681,3,0
86,0,42.93936454205023,5,1
78,0,7.056907654573191,10,1
67,0,48.161560426838676,8,1
12,1,45.62750708667469,7,1
12,0,44.38769989493499,9,0
66,0,8.736145183994463,10,1
2,1,16.541856600206952,7,0
15,0,40.22443242745302,2,0
23,0,40.40962247144131,4,0
29,0,35.288253218835905,8,1
81,0,22.45773898853421,9,1
96,1,15.648304606604512,7,1
7,0,48.15160101546818,5,0
94,1,7.049187267428465,1,1
28,0,2.28332764200161,9,0
14,1,0.555612947494071,6,0
44,1,38.773842790721055,2,1
30,0,2.9295867837403,10,0
81,0,26.978315863148413,10,1
32,0,18.427892809258392,2,0
70,1,7.430703714603126,10,1
88,0,37.055714795671435,1,1
6,0,2.8448408690923346,4,0
27,0,15.987852545414071,10,0
82,0,28.153342148462542,2,1
88,0,20.180544595476984,10,1
24,0,13.031495113094087,9,0
34,1,46.30745013483173,2,1
40,0,46.555422386083336,9,1
47,0,20.863117526500396,1,0
79,0,19.747846396394856,7,1
75,0,15.438513869586375,6,1
86,1,42.802234026326786,6,1
24,0,28.43897277114573,2,0
65,0,4.567158423832515,1,0
18,0,42.68070308560654,10,1
44,1,26.790824870854337,8,1
76,1,20.838031024884835,8,1
57,0,16.95946068781354,2,0
28,0,5.061386856615949,4,0
71,0,47.839437604403386,4,1
23,0,37.088051521867854,2,0
85,0,6.675700398639137,9,1
34,1,25.612314074828234,4,1
11,1,27.823202369535718,4,1
86,1,8.477648975834713,4,1
35,0,21.418354290228965,5,0
93,0,32.322731161155,10,1
42,0,14.272127533556528,8,0
28,0,16.647286849008424,4,0
82,0,6.189221005543903,3,0
78,0,20.72070815185523,1,0
82,0,29.234478506943905,2,1
92,0,5.914624480895917,4,1
24,0,30.777739505868276,9,0
8,0,19.94988141616534,1,0
53,0,33.94129449410133,6,1
72,0,15.810365078289616,6,1
4,0,28.468111990751044,10,0
91,0,30.678862128164088,3,1
5,1,34.55631921739262,10,1
97,0,37.871255278511235,9,1
49,0,6.903950324005407,10,0
98,0,48.26561283579384,3,1
30,0,42.197906241122716,1,0
72,0,28.159707251671,2,1
63,0,44.528907651840065,4,1
47,0,19.18340510223939,4,0
26,0,1.8108989251460605,2,0
57,0,36.378865905310356,10,1
37,1,47.172873052832465,6,1
98,0,8.176547712407585,6,1
7,0,32.22930995611514,3,0
40,1,40.68993547655061,1,1
92,1,45.26284587674034,10,1
39,0,13.898735179847781,9,0
62,1,6.523817088298104,4,1
92,0,12.467720682409146,9,1
78,0,28.928309886854866,5,1
53,0,45.944539999127024,7,1
4,0,29.16853697880546,3,0
82,0,45.98910291171622,3,1
25,0,38.52484748219183,8,1
7,0,29.959634261973683,1,0
28,0,1.1877456122401473,8,0
69,0,16.72048081701945,8,1
67,1,2.967231905522822,3,1
95,0,16.179893278674015,1,1
20,0,3.2104415581061962,9,0
83,0,8.474011486358116,4,1
11,0,20.593227220496207,7,0
67,0,25.792748797105737,9,1
87,0,10.935370245813456,3,1
7,1,36.65561122497365,5,1
23,0,29.55919463116429,10,0
61,0,34.61885048508756,3,1
71,0,36.66500748656132,5,1
34,0,36.37332489519308,2,0
19,0,46.81807166972296,4,0
58,1,11.937294662341884,2,1
9,1,13.58076639764028,3,0
48,0,4.8006332933073175,5,0
82,0,29.670059235812044,9,1
41,1,19.819756831129485,3,1
48,0,24.860324145321368,10,1
45,0,8.574090739935576,6,0
25,1,32.488106503512014,4,1
78,0,30.989066095908615,4,1
25,0,13.312742903907774,10,0
19,0,23.324292852261095,10,0
39,0,44.72561681155326,5,1
79,0,38.69760181285735,7,1
80,0,11.424499450490252,4,1
27,0,43.95485713973021,8,1
74,0,3.4589173737349883,9,1
63,0,20.755035446165074,9,1
68,0,4.097899554116063,9,1
19,0,46.21828828990577,2,0
28,1,2.131051846820163,3,0
85,0,7.646890775784809,5,1
78,0,45.76049319744391,1,1
33,0,29.149666480541402,4,0
10,1,39.77987995730367,5,1
83,0,0.9186973370635757,9,1
30,0,21.012844020710332,8,0
22,0,49.224834950686606,1,0
3,0,29.032971394904777,3,0
82,1,42.49917115113595,3,1
75,0,48.18161789715425,6,1
48,0,34.28352140021809,4,0
2,1,16.44876003848972,4,0
76,1,15.499486020129577,1,1
54,0,3.6567426530357516,10,0
6,0,21.445827890104365,4,0
40,0,45.77793183953184,1,0
93,0,23.955315087039644,5,1
94,0,45.55864601532637,3,1
2,1,40.87538246808912,10,1
73,0,49.21093695316834,5,1
2,0,47.38999456641395,3,0
93,0,35.35351512574418,5,1
97,0,43.57374261511114,4,1
74,1,37.42907731145554,9,1
98,0,35.19938628064667,6,1
55,0,35.80642293710033,10,1
72,0,36.0800794003623,2,1
60,1,19.03300869189127,1,1
97,0,21.23576456102395,1,1
6,1,14.774150842734908,1,0
19,0,7.498202725999339,9,0
96,0,22.9763256766762,5,1
27,0,45.007469534686905,4,0
1,0,32.59810886022966,10,0
33,0,2.903399949933749,5,0
40,1,40.57887723377614,9,1
32,0,46.77653620815327,3,0
69,0,41.48817975533985,3,1
17,0,36.40431656637177,2,0
8,0,7.591007751084741,8,0
57,0,17.515094623404146,7,1
42,0,28.307815728566712,2,0
98,0,3.9353528909816378,4,1
9,0,5.402883685375664,7,0
87,0,46.719270708356376,1,1
35,0,35.164290544471584,1,0
71,0,13.826843597958648,8,1
79,1,16.435279457091255,6,1
53,0,19.283022283580454,2,0
54,0,3.846057499677974,10,0
84,0,36.98493223584996,10,1
25,0,8.92401720335116,1,0
67,0,40.27548923855343,3,1
62,1,42.309034245868986,4,1
55,0,31.95786545363046,5,1
46,0,38.515761675605766,10,1
24,0,8.674574817633564,3,0
98,0,28.839355235264776,5,1
46,0,33.87228579086195,7,1
22,0,33.11187298462846,9,0
11,1,5.95276489439472,5,0
48,0,17.284684877753904,4,0
8,0,16.319372321968594,10,0
39,1,28.66909094258573,9,1
35,0,38.28533273050088,8,1
49,1,28.572459271893667,5,1
46,0,37.765889188717544,9,1
38,0,5.038483075280505,9,0
8,1,43.91912067427714,1,1
54,0,26.87719176127656,6,1
37,0,1.9711831573119265,5,0
91,0,32.19632885081908,6,1
92,0,25.915624649417467,10,1
40,1,11.09644148554339,3,1
34,1,38.2448303847066,3,1
96,1,46.685055735278205,10,1
79,0,16.201904346790943,5,1
17,0,24.746392572536813,7,0
33,0,6.4959324350516106,4,0
47,1,46.497006212870325,6,1
52,0,16.007923374999724,5,0
80,0,9.81975571660634,2,0
93,1,23.973590970795826,1,1
9,0,2.2597962261089193,6,0
33,0,12.716557878197603,5,0
60,0,3.4761210509214,9,0
93,0,6.455820609260568,7,1
77,0,5.696661788206818,1,0
21,0,43.633755755396066,10,1
58,0,46.52869891692794,6,1
85,0,23.77865607242929,7,1
69,0,31.55781268388193,3,1
10,0,34.82550467342362,9,0
6,0,19.626534911115805,2,0
13,0,18.573502305440105,1,0
65,0,33.810894059261116,10,1
20,0,18.8980543107374,10,0
57,0,29.09237502555384,9,1
46,0,25.80812125949174,7,1
8,0,26.270583984958975,10,0
10,0,41.4850072575349,1,0
73,0,35.232449734044955,4,1
67,0,48.03806443650084,10,1
11,1,39.56973369985382,3,1
12,1,7.375046478534796,7,0
10,0,36.950316819692155,5,0
25,0,33.31581294296006,9,0
49,1,32.337594577616294,3,1
49,0,24.089156846980984,6,0
89,0,3.2169495988177226,10,1
11,0,47.579089898752486,2,0
62,0,42.61104226674816,3,1
36,1,24.391721066851712,4,1
39,0,8.01319028477734,6,0
53,0,41.24118562700236,1,0
90,1,21.590513109918373,6,1
78,0,19.566684782967336,4,1
56,0,33.3025733734418,8,1
1,0,37.95790238677931,9,0
56,0,3.235752757360858,8,0
4,1,38.4010651825273,8,1
30,1,36.723631017446245,2,1
12,0,29.501559565049973,10,0
35,0,16.987103826470904,2,0
77,0,8.32362714806581,6,1
52,1,5.222383162274776,5,1
31,0,0.15906631655654163,6,0
87,0,10.402362767035433,9,1
68,0,20.62571480549365,10,1
52,1,12.257852136864209,7,1
80,0,15.518054774889992,5,1
7,0,19.58357552651341,10,0
22,0,15.482289192425013,7,0
93,0,36.258589829070665,8,1
75,0,24.637166779332,1,0
56,0,1.0644246728268307,10,0
97,0,11.41074474497894,7,1
58,0,35.51194640726308,4,1
93,0,15.116433112010611,5,1
64,1,46.01507440778254,2,1
12,0,35.66193596762629,10,0
7,0,14.567356096394102,5,0
55,0,25.868851324054862,9,1
62,0,33.39522760599047,1,0
90,0,9.748956680321056,3,1
73,1,12.384754647554429,4,1
98,1,25.4054749185266,9,1
77,0,46.252246652265576,2,1
55,0,17.266117306195,7,0
36,0,20.166303372225254,9,0
89,0,9.611948513007526,10,1
24,0,29.701113894128163,4,0
44,0,37.03352228782482,5,1
17,0,22.08804908885006,10,0
2,1,37.53744404502494,4,1
13,0,15.199975696061074,7,0
31,0,35.378522459622225,8,1
93,0,12.991392205205662,8,1
28,1,39.05441213440135,3,1
60,0,41.54901475713055,2,1
27,0,39.90641105115346,6,0
15,0,10.852083031946236,1,0
95,1,34.74304695090755,9,1
79,0,26.973165330079826,7,1
33,0,49.303245800453475,8,1
20,0,18.142683366855298,7,0
42,0,38.58544250666812,5,1
12,1,18.56689804116012,5,0
73,0,19.903187960286694,7,1
23,0,5.6385100018143595,7,0
72,0,12.059093172726946,2,0
96,1,8.307765899959612,2,1
14,0,8.044107996091963,7,0
91,0,0.5499247298276204,5,1
25,0,39.70966039669084,2,0
77,0,23.449767775190075,1,0
85,0,40.22796164124182,9,1
31,0,30.666265419020363,8,0
54,0,41.58374935777742,2,1
5,1,25.237873661548313,2,0
13,0,4.792646954827841,3,0
28,0,30.87650579737364,4,0
43,0,33.92046662691073,9,1
89,0,31.36255799822265,6,1
99,0,40.086682129806334,3,1
47,0,36.60181227591004,8,1
71,0,21.68835921502357,6,1
38,1,40.97327240721665,8,1
96,0,34.62014845292013,10,1
67,0,6.106300251899048,2,0
62,1,27.039658480946006,8,1
39,0,36.45493473087392,5,0
37,0,27.709081265742192,10,1
86,0,47.45652968248472,4,1
8,0,5.164414283617599,3,0
81,1,36.1438524746535,9,1
52,0,41.240095490332074,10,1
91,0,35.16239442576809,7,1
33,0,19.340691752713877,7,0
81,1,19.33546762884597,6,1
42,0,29.36971850324313,9,1
76,1,19.915192014090877,3,1
27,0,44.170831568554966,1,0
8,0,5.585537852893074,7,0
23,0,31.99395166384035,9,0
64,0,6.792336542604521,6,0
93,0,27.05397414470218,10,1
20,1,35.80750200029368,2,1
16,0,8.358994736356422,8,0
17,0,35.231257752333704,9,0
80,0,7.085003557433437,10,1
19,0,31.065631906894037,8,0
8,1,25.32709616321199,9,1
38,0,14.973940195082156,1,0
38,0,5.666281669679593,3,0
53,0,36.819121566085734,3,1
93,0,19.152076155512596,9,1
90,0,4.4178857859315,3,0
31,0,38.662187979809374,10,1
44,0,11.721444705842652,1,0
60,0,36.84895747990547,3,1
76,0,28.28844442844276,2,1
17,0,9.806997677794655,9,0
79,0,3.9126457860221207,1,0
73,0,29.703125868591027,2,1
39,0,1.3580704287474972,1,0
42,1,3.36667779471923,9,1
48,0,35.14073219013836,7,1
12,0,26.989804685925026,1,0
96,0,16.38213375615341,10,1
89,1,27.007474339154342,6,1
18,0,29.623301443493485,5,0
79,1,28.307764725598876,10,1
96,0,32.16344517462298,5,1
6,0,47.020376199499324,4,0
43,0,19.49999825219287,3,0
35,0,15.127455531533048,8,0
98,0,2.017902060405469,7,1
54,0,7.438945537152666,5,0
62,1,5.401865812469019,9,1
69,0,16.838664924935866,7,1
82,0,30.538537367871267,10,1
16,0,2.4120611676157124,2,0
8,0,36.410483722288774,7,0
89,0,19.93190420388919,7,1
96,0,48.178875337843884,4,1
90,0,28.46241026207774,8,1
86,0,38.590979388185595,4,1
31,0,43.07294349162195,7,1
10,0,44.45343043614381,4,0
56,0,25.97124130902238,8,1
76,1,19.897453665710948,3,1
92,0,28.069697985453132,2,1
70,0,20.163313040709653,10,1
20,0,12.111676967233752,6,0
5,1,16.263599375616707,7,0
23,0,11.715215826306085,7,0
9,0,13.544937766683598,6,0
58,0,4.771026088062445,8,0
59,1,21.380489764122846,6,1
93,0,11.840666939500863,6,1
80,0,22.47349096448436,3,1
54,0,39.630691885397034,2,1
46,1,22.470786426834543,7,1
22,0,47.7351323484148,6,0
64,0,7.47706103694824,1,0
8,1,42.52822304280995,2,1
20,0,12.488079892242075,2,0
51,0,46.70327919766321,1,1
78,0,11.434681529787861,3,0
39,1,37.3733931196438,5,1
37,0,3.1996832529125108,4,0
50,1,31.527690514292868,2,1
34,0,11.011843474005444,8,0
75,0,33.541609828246976,9,1
33,0,31.82788394747986,8,1
31,0,46.192424395042096,7,1
54,1,31.371153887960364,10,1
44,0,20.4716157013304,2,0
34,0,9.759033461975234,6,0
71,0,32.90680532635257,4,1
62,0,5.906693535749341,5,0
23,0,41.44298966339621,9,1
46,0,12.441993892249299,9,0
56,1,26.255529022611615,4,1
7,0,29.837770486036835,8,0
89,0,18.188250520834597,5,1
61,0,33.2273015008551,9,1
3,0,12.585826248717288,2,0
38,0,1.8277662314521128,4,0
84,1,47.96746003313332,3,1
34,0,16.070286984023184,7,0
44,0,35.70176550955728,2,0
30,0,25.425926985327,3,0
17,0,33.48303398793891,9,0
59,0,5.63573247353232,8,0
10,0,25.990508968293344,2,0
99,0,19.671755720259796,6,1
84,0,22.64729338500201,3,1
